<ImportExportXml xmlns:xsi="http://www.w3.org/2001/XMLSchema-instance">
  <Entities></Entities>
  <Roles></Roles>
  <Workflows></Workflows>
  <FieldSecurityProfiles></FieldSecurityProfiles>
  <Templates />
  <EntityMaps />
  <EntityRelationships />
  <OrganizationSettings />
  <optionsets />
  <SolutionPluginAssemblies>
    <PluginAssembly FullName="Tc.Crm.Plugins, Version=1.0.0.0, Culture=neutral, PublicKeyToken=9d1841d22f62ace3" CustomizationLevel="1">
      <IsolationMode>2</IsolationMode>
      <SourceType>0</SourceType>
      <IntroducedVersion>1.0</IntroducedVersion>
      <FileName>/PluginAssemblies/TcCrmPlugins-23312E41-97AC-4663-9D7D-B3FBB3352E37/TcCrmPlugins.dll</FileName>
      <PluginTypes>
        <PluginType AssemblyQualifiedName="Tc.Crm.Plugins.CacheRequest.PostCreateCacheRequestAsync, Tc.Crm.Plugins, Version=1.0.0.0, Culture=neutral, PublicKeyToken=9d1841d22f62ace3" Name="Tc.Crm.Plugins.CacheRequest.PostCreateCacheRequestAsync">
          <FriendlyName>a0f543f0-3869-49b4-8236-6508de54d706</FriendlyName>
        </PluginType>
        <PluginType AssemblyQualifiedName="Tc.Crm.Plugins.Case.PostCaseCreateAsyncAssignHotelTeamAsOwner, Tc.Crm.Plugins, Version=1.0.0.0, Culture=neutral, PublicKeyToken=9d1841d22f62ace3" Name="Tc.Crm.Plugins.Case.PostCaseCreateAsyncAssignHotelTeamAsOwner">
          <FriendlyName>b2fc4847-a0b8-4560-8f78-4e62c5c81de7</FriendlyName>
        </PluginType>
        <PluginType AssemblyQualifiedName="Tc.Crm.Plugins.Case.PostCaseCreationUpdateRegardingOfSurvey, Tc.Crm.Plugins, Version=1.0.0.0, Culture=neutral, PublicKeyToken=9d1841d22f62ace3" Name="Tc.Crm.Plugins.Case.PostCaseCreationUpdateRegardingOfSurvey">
          <FriendlyName>6046ded5-6562-4011-ba1d-d541cadbb085</FriendlyName>
        </PluginType>
        <PluginType AssemblyQualifiedName="Tc.Crm.Plugins.Case.PostCaseUpdateAsyncAssignHotelTeamAsOwner, Tc.Crm.Plugins, Version=1.0.0.0, Culture=neutral, PublicKeyToken=9d1841d22f62ace3" Name="Tc.Crm.Plugins.Case.PostCaseUpdateAsyncAssignHotelTeamAsOwner">
          <FriendlyName>137585b0-acff-4f43-a196-966a0f47f9ce</FriendlyName>
        </PluginType>
        <PluginType AssemblyQualifiedName="Tc.Crm.Plugins.CreateSharePointDocumentLocation, Tc.Crm.Plugins, Version=1.0.0.0, Culture=neutral, PublicKeyToken=9d1841d22f62ace3" Name="Tc.Crm.Plugins.CreateSharePointDocumentLocation">
          <FriendlyName>5fd5c7ac-d10f-46a1-bf09-9d3266e310f1</FriendlyName>
        </PluginType>
        <PluginType AssemblyQualifiedName="Tc.Crm.Plugins.Email.PreoperationUpdateEmailBody, Tc.Crm.Plugins, Version=1.0.0.0, Culture=neutral, PublicKeyToken=9d1841d22f62ace3" Name="Tc.Crm.Plugins.Email.PreoperationUpdateEmailBody">
          <FriendlyName>409bc13b-cc43-4566-8d81-7987e442889b</FriendlyName>
        </PluginType>
        <PluginType AssemblyQualifiedName="Tc.Crm.Plugins.Hotel.PostRelatingHotelToUser, Tc.Crm.Plugins, Version=1.0.0.0, Culture=neutral, PublicKeyToken=9d1841d22f62ace3" Name="Tc.Crm.Plugins.Hotel.PostRelatingHotelToUser">
          <FriendlyName>7cc5d871-8317-4abb-a37d-0d2d20ff63f3</FriendlyName>
        </PluginType>
        <PluginType AssemblyQualifiedName="Tc.Crm.Plugins.PluginEntryPoint, Tc.Crm.Plugins, Version=1.0.0.0, Culture=neutral, PublicKeyToken=9d1841d22f62ace3" Name="Tc.Crm.Plugins.PluginEntryPoint">
          <FriendlyName>c70c1975-ac84-42d8-b793-600fc8353a36</FriendlyName>
        </PluginType>
        <PluginType AssemblyQualifiedName="Tc.Crm.Plugins.PreCaseLine, Tc.Crm.Plugins, Version=1.0.0.0, Culture=neutral, PublicKeyToken=9d1841d22f62ace3" Name="Tc.Crm.Plugins.PreCaseLine">
          <FriendlyName>07f29584-f546-4361-bb62-723b78e278ee</FriendlyName>
        </PluginType>
      </PluginTypes>
    </PluginAssembly>
  </SolutionPluginAssemblies>
  <SdkMessageProcessingSteps>
    <SdkMessageProcessingStep Name="Tc.Crm.Plugins.Case.PostCaseCreateAsyncAssignHotelTeamAsOwner: Create of incident" SdkMessageProcessingStepId="{c8a26380-6677-e711-810f-e0071b6ed4a1}">
      <PluginTypeName>Tc.Crm.Plugins.Case.PostCaseCreateAsyncAssignHotelTeamAsOwner, Tc.Crm.Plugins, Version=1.0.0.0, Culture=neutral, PublicKeyToken=9d1841d22f62ace3</PluginTypeName>
      <PrimaryEntity>incident</PrimaryEntity>
      <AsyncAutoDelete>0</AsyncAutoDelete>
      <Description>Tc.Crm.Plugins.Case.PostCaseCreateAsyncAssignHotelTeamAsOwner: Create of incident</Description>
      <FilteringAttributes></FilteringAttributes>
      <InvocationSource>1</InvocationSource>
      <Mode>1</Mode>
      <Rank>1</Rank>
      <SdkMessageId>{9ebdbb1b-ea3e-db11-86a7-000a3a5473e8}</SdkMessageId>
      <EventHandlerTypeCode>4602</EventHandlerTypeCode>
      <Stage>40</Stage>
      <IsCustomizable>1</IsCustomizable>
      <IsHidden>0</IsHidden>
      <SupportedDeployment>0</SupportedDeployment>
      <IntroducedVersion>1.0</IntroducedVersion>
      <SdkMessageProcessingStepImages />
    </SdkMessageProcessingStep>
    <SdkMessageProcessingStep Name="Tc.Crm.Plugins.Case.PostCaseUpdateAsyncAssignHotelTeamAsOwner: Update of incident" SdkMessageProcessingStepId="{b93563ae-6677-e711-810f-e0071b6ed4a1}">
      <PluginTypeName>Tc.Crm.Plugins.Case.PostCaseUpdateAsyncAssignHotelTeamAsOwner, Tc.Crm.Plugins, Version=1.0.0.0, Culture=neutral, PublicKeyToken=9d1841d22f62ace3</PluginTypeName>
      <PrimaryEntity>incident</PrimaryEntity>
      <AsyncAutoDelete>0</AsyncAutoDelete>
      <Description>Tc.Crm.Plugins.Case.PostCaseUpdateAsyncAssignHotelTeamAsOwner: Update of incident</Description>
      <FilteringAttributes>customerid</FilteringAttributes>
      <InvocationSource>1</InvocationSource>
      <Mode>1</Mode>
      <Rank>1</Rank>
      <SdkMessageId>{20bebb1b-ea3e-db11-86a7-000a3a5473e8}</SdkMessageId>
      <EventHandlerTypeCode>4602</EventHandlerTypeCode>
      <Stage>40</Stage>
      <IsCustomizable>1</IsCustomizable>
      <IsHidden>0</IsHidden>
      <SupportedDeployment>0</SupportedDeployment>
      <IntroducedVersion>1.0</IntroducedVersion>
      <SdkMessageProcessingStepImages>
        <SdkMessageProcessingStepImage Name="CasePreImage">
          <SdkMessageProcessingStepImageId>{ca67d1e7-6677-e711-8111-e0071b6e04f1}</SdkMessageProcessingStepImageId>
          <Attributes>tc_bookingid</Attributes>
          <EntityAlias>CasePreImage</EntityAlias>
          <ImageType>0</ImageType>
          <MessagePropertyName>Target</MessagePropertyName>
          <IsCustomizable>1</IsCustomizable>
        </SdkMessageProcessingStepImage>
      </SdkMessageProcessingStepImages>
    </SdkMessageProcessingStep>
  </SdkMessageProcessingSteps>
  <Languages>
    <Language>1033</Language>
    <Language>1036</Language>
    <Language>1031</Language>
  </Languages>
</ImportExportXml>