<ImportExportXml version="8.2.0001.0207" SolutionPackageVersion="8.2" languagecode="1033" generatedBy="CrmLive" xmlns:xsi="http://www.w3.org/2001/XMLSchema-instance">
  <SolutionManifest>
    <UniqueName>HF_CRM2723</UniqueName>
    <LocalizedNames>
      <LocalizedName description="HF_CRM2723" languagecode="1033" />
    </LocalizedNames>
    <Descriptions>
      <Description description="Introduced new views&#xA;&#xA;My Customers (iDS Rep)&#xA;My Cases (iDS Rep)&#xA;&#xA;Updated Rep dashboards" languagecode="1033" />
    </Descriptions>
    <Version>1.0.0.0</Version>
    <Managed>0</Managed>
    <Publisher>
      <UniqueName>thomascook</UniqueName>
      <LocalizedNames>
        <LocalizedName description="Thomas Cook" languagecode="1031" />
        <LocalizedName description="Thomas Cook" languagecode="1033" />
        <LocalizedName description="Thomas Cook" languagecode="1036" />
      </LocalizedNames>
      <Descriptions />
      <EMailAddress xsi:nil="true"></EMailAddress>
      <SupportingWebsiteUrl xsi:nil="true"></SupportingWebsiteUrl>
      <CustomizationPrefix>tc</CustomizationPrefix>
      <CustomizationOptionValuePrefix>95000</CustomizationOptionValuePrefix>
      <Addresses>
        <Address>
          <AddressNumber>1</AddressNumber>
          <AddressTypeCode>1</AddressTypeCode>
          <City>Egham</City>
          <County xsi:nil="true"></County>
          <Country>United Kingdom</Country>
          <Fax xsi:nil="true"></Fax>
          <FreightTermsCode xsi:nil="true"></FreightTermsCode>
          <ImportSequenceNumber xsi:nil="true"></ImportSequenceNumber>
          <Latitude xsi:nil="true"></Latitude>
          <Line1>Axon House</Line1>
          <Line2 xsi:nil="true"></Line2>
          <Line3 xsi:nil="true"></Line3>
          <Longitude xsi:nil="true"></Longitude>
          <Name xsi:nil="true"></Name>
          <PostalCode>TW20</PostalCode>
          <PostOfficeBox xsi:nil="true"></PostOfficeBox>
          <PrimaryContactName xsi:nil="true"></PrimaryContactName>
          <ShippingMethodCode>1</ShippingMethodCode>
          <StateOrProvince>Surrey</StateOrProvince>
          <Telephone1 xsi:nil="true"></Telephone1>
          <Telephone2 xsi:nil="true"></Telephone2>
          <Telephone3 xsi:nil="true"></Telephone3>
          <TimeZoneRuleVersionNumber xsi:nil="true"></TimeZoneRuleVersionNumber>
          <UPSZone xsi:nil="true"></UPSZone>
          <UTCOffset xsi:nil="true"></UTCOffset>
          <UTCConversionTimeZoneCode xsi:nil="true"></UTCConversionTimeZoneCode>
        </Address>
        <Address>
          <AddressNumber>2</AddressNumber>
          <AddressTypeCode>1</AddressTypeCode>
          <City xsi:nil="true"></City>
          <County xsi:nil="true"></County>
          <Country xsi:nil="true"></Country>
          <Fax xsi:nil="true"></Fax>
          <FreightTermsCode xsi:nil="true"></FreightTermsCode>
          <ImportSequenceNumber xsi:nil="true"></ImportSequenceNumber>
          <Latitude xsi:nil="true"></Latitude>
          <Line1 xsi:nil="true"></Line1>
          <Line2 xsi:nil="true"></Line2>
          <Line3 xsi:nil="true"></Line3>
          <Longitude xsi:nil="true"></Longitude>
          <Name xsi:nil="true"></Name>
          <PostalCode xsi:nil="true"></PostalCode>
          <PostOfficeBox xsi:nil="true"></PostOfficeBox>
          <PrimaryContactName xsi:nil="true"></PrimaryContactName>
          <ShippingMethodCode>1</ShippingMethodCode>
          <StateOrProvince xsi:nil="true"></StateOrProvince>
          <Telephone1 xsi:nil="true"></Telephone1>
          <Telephone2 xsi:nil="true"></Telephone2>
          <Telephone3 xsi:nil="true"></Telephone3>
          <TimeZoneRuleVersionNumber xsi:nil="true"></TimeZoneRuleVersionNumber>
          <UPSZone xsi:nil="true"></UPSZone>
          <UTCOffset xsi:nil="true"></UTCOffset>
          <UTCConversionTimeZoneCode xsi:nil="true"></UTCConversionTimeZoneCode>
        </Address>
      </Addresses>
    </Publisher>
    <RootComponents>
      <RootComponent type="1" schemaName="contact" behavior="1" />
      <RootComponent type="1" schemaName="incident" behavior="1" />
      <RootComponent type="20" id="{6bdb42af-86fa-e611-8100-3863bb354ff0}" behavior="0" />
      <RootComponent type="60" id="{14d6fd80-3319-e711-8104-3863bb354ff0}" behavior="0" />
      <RootComponent type="60" id="{87d1e1b3-b60f-e711-810a-3863bb340dd8}" behavior="0" />
      <RootComponent type="60" id="{bec074ec-0734-e711-8114-e0071b66a051}" behavior="0" />
      <RootComponent type="60" id="{ecd565f4-ff33-e711-8114-e0071b66a051}" behavior="0" />
      <RootComponent type="60" id="{fcf83436-d034-e711-8122-e0071b659e11}" behavior="0" />
    </RootComponents>
    <MissingDependencies>
      <MissingDependency>
        <Required key="0" type="1" schemaName="tc_booking" displayName="Booking" solution="Active" />
        <Dependent key="1" type="26" schemaName="Follow-Up Cases" displayName="Follow-Up Cases" parentSchemaName="incident" parentDisplayName="Case" id="{8e575b41-ed0e-e711-810a-3863bb340dd8}" />
      </MissingDependency>
      <MissingDependency>
        <Required key="0" type="1" schemaName="tc_booking" displayName="Booking" solution="Active" />
        <Dependent key="2" type="26" schemaName="My Cases Currently Assigned 3/12 SLA (IDS Rep)" displayName="My Cases Currently Assigned 3/12 SLA (IDS Rep)" parentSchemaName="incident" parentDisplayName="Case" id="{86c85c17-9776-e711-8111-e0071b6e04f1}" />
      </MissingDependency>
      <MissingDependency>
        <Required key="3" type="1" schemaName="tc_surveyresponse" displayName="Survey Response" solution="Active" />
        <Dependent key="4" type="60" displayName="IDS Destination Manager" id="{bec074ec-0734-e711-8114-e0071b66a051}" />
      </MissingDependency>
      <MissingDependency>
        <Required key="0" type="1" schemaName="tc_booking" displayName="Booking" solution="Active" />
        <Dependent key="5" type="26" schemaName="My Cases Currently Assigned 24hr SLA (IDS Rep)" displayName="My Cases Currently Assigned 24hr SLA (IDS Rep)" parentSchemaName="incident" parentDisplayName="Case" id="{2df239d3-9676-e711-8111-e0071b6e04f1}" />
      </MissingDependency>
      <MissingDependency>
        <Required key="6" type="1" schemaName="tc_caseline" displayName="Case Line" solution="Active" />
        <Dependent key="4" type="60" displayName="IDS Destination Manager" id="{bec074ec-0734-e711-8114-e0071b66a051}" />
      </MissingDependency>
      <MissingDependency>
        <Required key="0" type="1" schemaName="tc_booking" displayName="Booking" solution="Active" />
        <Dependent key="7" type="26" schemaName="My Active &amp; Resolved Cases (IDS Rep)" displayName="My Active &amp; Resolved Cases (IDS Rep)" parentSchemaName="incident" parentDisplayName="Case" id="{88922e8f-9876-e711-8111-e0071b6e04f1}" />
      </MissingDependency>
      <MissingDependency>
        <Required key="6" type="1" schemaName="tc_caseline" displayName="Case Line" solution="Active" />
        <Dependent key="8" type="60" displayName="IDS Team Manager" id="{87d1e1b3-b60f-e711-810a-3863bb340dd8}" />
      </MissingDependency>
      <MissingDependency>
        <Required key="9" type="1" schemaName="tc_recovery" displayName="Recovery" solution="Active" />
        <Dependent key="10" type="60" displayName="IDS Team Manager II" id="{fcf83436-d034-e711-8122-e0071b659e11}" />
      </MissingDependency>
      <MissingDependency>
        <Required key="11" type="1" schemaName="tc_compensationline" displayName="Compensation Line" solution="Active" />
        <Dependent key="10" type="60" displayName="IDS Team Manager II" id="{fcf83436-d034-e711-8122-e0071b659e11}" />
      </MissingDependency>
      <MissingDependency>
        <Required key="12" type="1" schemaName="tc_compensationapproval" displayName="Compensation Approval" solution="Active" />
        <Dependent key="10" type="60" displayName="IDS Team Manager II" id="{fcf83436-d034-e711-8122-e0071b659e11}" />
      </MissingDependency>
      <MissingDependency>
        <Required key="9" type="1" schemaName="tc_recovery" displayName="Recovery" solution="Active" />
        <Dependent key="13" type="60" displayName="IDS Destination Manager II" id="{14d6fd80-3319-e711-8104-3863bb354ff0}" />
      </MissingDependency>
      <MissingDependency>
        <Required key="14" type="1" schemaName="tc_compensation" displayName="Compensation" solution="Active" />
        <Dependent key="13" type="60" displayName="IDS Destination Manager II" id="{14d6fd80-3319-e711-8104-3863bb354ff0}" />
      </MissingDependency>
      <MissingDependency>
        <Required key="12" type="1" schemaName="tc_compensationapproval" displayName="Compensation Approval" solution="Active" />
        <Dependent key="13" type="60" displayName="IDS Destination Manager II" id="{14d6fd80-3319-e711-8104-3863bb354ff0}" />
      </MissingDependency>
      <MissingDependency>
        <Required key="15" type="2" schemaName="tc_language" displayName="Language" parentSchemaName="contact" parentDisplayName="Customer" solution="Active" />
        <Dependent key="16" type="26" schemaName="My Active Cases (IDS Rep)" displayName="My Active Cases (IDS Rep)" parentSchemaName="incident" parentDisplayName="Case" id="{afad8ea6-9376-e711-8111-e0071b6e04f1}" />
      </MissingDependency>
      <MissingDependency>
        <Required key="17" type="2" schemaName="tc_latestactivitydate" displayName="Latest Activity Date" parentSchemaName="incident" parentDisplayName="Case" solution="Active" />
        <Dependent key="16" type="26" schemaName="My Active Cases (IDS Rep)" displayName="My Active Cases (IDS Rep)" parentSchemaName="incident" parentDisplayName="Case" id="{afad8ea6-9376-e711-8111-e0071b6e04f1}" />
      </MissingDependency>
      <MissingDependency>
        <Required key="18" type="2" schemaName="tc_producttype" displayName="Product Type" parentSchemaName="incident" parentDisplayName="Case" solution="Active" />
        <Dependent key="16" type="26" schemaName="My Active Cases (IDS Rep)" displayName="My Active Cases (IDS Rep)" parentSchemaName="incident" parentDisplayName="Case" id="{afad8ea6-9376-e711-8111-e0071b6e04f1}" />
      </MissingDependency>
      <MissingDependency>
        <Required key="19" type="2" schemaName="tc_casetypeid" displayName="Type" parentSchemaName="incident" parentDisplayName="Case" solution="Active" />
        <Dependent key="16" type="26" schemaName="My Active Cases (IDS Rep)" displayName="My Active Cases (IDS Rep)" parentSchemaName="incident" parentDisplayName="Case" id="{afad8ea6-9376-e711-8111-e0071b6e04f1}" />
      </MissingDependency>
      <MissingDependency>
        <Required key="20" type="2" schemaName="tc_address1_county" displayName="Address 1 County" parentSchemaName="contact" parentDisplayName="Customer" solution="Active" />
        <Dependent key="21" type="26" schemaName="My Active Customers (IDS Rep)" displayName="My Active Customers (IDS Rep)" parentSchemaName="contact" parentDisplayName="Customer" id="{dc9d0714-9576-e711-8111-e0071b6e04f1}" />
      </MissingDependency>
      <MissingDependency>
        <Required key="22" type="2" schemaName="tc_sourcemarketid" displayName="Source Market" parentSchemaName="contact" parentDisplayName="Customer" solution="Active" />
        <Dependent key="21" type="26" schemaName="My Active Customers (IDS Rep)" displayName="My Active Customers (IDS Rep)" parentSchemaName="contact" parentDisplayName="Customer" id="{dc9d0714-9576-e711-8111-e0071b6e04f1}" />
      </MissingDependency>
      <MissingDependency>
        <Required key="23" type="2" schemaName="tc_gender" displayName="Gender" parentSchemaName="contact" parentDisplayName="Customer" solution="Active" />
        <Dependent key="21" type="26" schemaName="My Active Customers (IDS Rep)" displayName="My Active Customers (IDS Rep)" parentSchemaName="contact" parentDisplayName="Customer" id="{dc9d0714-9576-e711-8111-e0071b6e04f1}" />
      </MissingDependency>
      <MissingDependency>
        <Required key="15" type="2" schemaName="tc_language" displayName="Language" parentSchemaName="contact" parentDisplayName="Customer" solution="Active" />
        <Dependent key="21" type="26" schemaName="My Active Customers (IDS Rep)" displayName="My Active Customers (IDS Rep)" parentSchemaName="contact" parentDisplayName="Customer" id="{dc9d0714-9576-e711-8111-e0071b6e04f1}" />
      </MissingDependency>
      <MissingDependency>
        <Required key="24" type="2" schemaName="tc_address1_postalcode" displayName="Address 1 Postal Code" parentSchemaName="contact" parentDisplayName="Customer" solution="Active" />
        <Dependent key="21" type="26" schemaName="My Active Customers (IDS Rep)" displayName="My Active Customers (IDS Rep)" parentSchemaName="contact" parentDisplayName="Customer" id="{dc9d0714-9576-e711-8111-e0071b6e04f1}" />
      </MissingDependency>
      <MissingDependency>
        <Required key="25" type="2" schemaName="tc_address1_town" displayName="Address 1 Town" parentSchemaName="contact" parentDisplayName="Customer" solution="Active" />
        <Dependent key="21" type="26" schemaName="My Active Customers (IDS Rep)" displayName="My Active Customers (IDS Rep)" parentSchemaName="contact" parentDisplayName="Customer" id="{dc9d0714-9576-e711-8111-e0071b6e04f1}" />
      </MissingDependency>
      <MissingDependency>
        <Required key="26" type="2" schemaName="tc_address1_street" displayName="Address 1 Street" parentSchemaName="contact" parentDisplayName="Customer" solution="Active" />
        <Dependent key="21" type="26" schemaName="My Active Customers (IDS Rep)" displayName="My Active Customers (IDS Rep)" parentSchemaName="contact" parentDisplayName="Customer" id="{dc9d0714-9576-e711-8111-e0071b6e04f1}" />
      </MissingDependency>
      <MissingDependency>
        <Required key="27" type="2" schemaName="tc_address1_additionalinformation" displayName="Address 1 Additional Information" parentSchemaName="contact" parentDisplayName="Customer" solution="Active" />
        <Dependent key="21" type="26" schemaName="My Active Customers (IDS Rep)" displayName="My Active Customers (IDS Rep)" parentSchemaName="contact" parentDisplayName="Customer" id="{dc9d0714-9576-e711-8111-e0071b6e04f1}" />
      </MissingDependency>
      <MissingDependency>
        <Required key="28" type="2" schemaName="tc_address1_flatorunitnumber" displayName="Address 1 Flat or Unit Number" parentSchemaName="contact" parentDisplayName="Customer" solution="Active" />
        <Dependent key="21" type="26" schemaName="My Active Customers (IDS Rep)" displayName="My Active Customers (IDS Rep)" parentSchemaName="contact" parentDisplayName="Customer" id="{dc9d0714-9576-e711-8111-e0071b6e04f1}" />
      </MissingDependency>
      <MissingDependency>
        <Required key="29" type="2" schemaName="tc_address1_countryid" displayName="Address 1 Country" parentSchemaName="contact" parentDisplayName="Customer" solution="Active" />
        <Dependent key="21" type="26" schemaName="My Active Customers (IDS Rep)" displayName="My Active Customers (IDS Rep)" parentSchemaName="contact" parentDisplayName="Customer" id="{dc9d0714-9576-e711-8111-e0071b6e04f1}" />
      </MissingDependency>
      <MissingDependency>
        <Required key="30" type="2" schemaName="tc_address1_housenumberorbuilding" displayName="Address 1 House Number or Building" parentSchemaName="contact" parentDisplayName="Customer" solution="Active" />
        <Dependent key="21" type="26" schemaName="My Active Customers (IDS Rep)" displayName="My Active Customers (IDS Rep)" parentSchemaName="contact" parentDisplayName="Customer" id="{dc9d0714-9576-e711-8111-e0071b6e04f1}" />
      </MissingDependency>
      <MissingDependency>
        <Required key="19" type="2" schemaName="tc_casetypeid" displayName="Type" parentSchemaName="incident" parentDisplayName="Case" solution="Active" />
        <Dependent key="7" type="26" schemaName="My Active &amp; Resolved Cases (IDS Rep)" displayName="My Active &amp; Resolved Cases (IDS Rep)" parentSchemaName="incident" parentDisplayName="Case" id="{88922e8f-9876-e711-8111-e0071b6e04f1}" />
      </MissingDependency>
      <MissingDependency>
        <Required key="31" type="2" schemaName="tc_resortofficeid" displayName="Resort Office" parentSchemaName="incident" parentDisplayName="Case" solution="Active" />
        <Dependent key="7" type="26" schemaName="My Active &amp; Resolved Cases (IDS Rep)" displayName="My Active &amp; Resolved Cases (IDS Rep)" parentSchemaName="incident" parentDisplayName="Case" id="{88922e8f-9876-e711-8111-e0071b6e04f1}" />
      </MissingDependency>
      <MissingDependency>
        <Required key="32" type="2" schemaName="tc_name" displayName="Booking Id" parentSchemaName="tc_booking" parentDisplayName="Booking" solution="Active" />
        <Dependent key="7" type="26" schemaName="My Active &amp; Resolved Cases (IDS Rep)" displayName="My Active &amp; Resolved Cases (IDS Rep)" parentSchemaName="incident" parentDisplayName="Case" id="{88922e8f-9876-e711-8111-e0071b6e04f1}" />
      </MissingDependency>
      <MissingDependency>
        <Required key="33" type="2" schemaName="tc_destinationid" displayName="Destination" parentSchemaName="incident" parentDisplayName="Case" solution="Active" />
        <Dependent key="7" type="26" schemaName="My Active &amp; Resolved Cases (IDS Rep)" displayName="My Active &amp; Resolved Cases (IDS Rep)" parentSchemaName="incident" parentDisplayName="Case" id="{88922e8f-9876-e711-8111-e0071b6e04f1}" />
      </MissingDependency>
      <MissingDependency>
        <Required key="34" type="2" schemaName="tc_bookingid" displayName="Linked Booking Reference" parentSchemaName="incident" parentDisplayName="Case" solution="Active" />
        <Dependent key="7" type="26" schemaName="My Active &amp; Resolved Cases (IDS Rep)" displayName="My Active &amp; Resolved Cases (IDS Rep)" parentSchemaName="incident" parentDisplayName="Case" id="{88922e8f-9876-e711-8111-e0071b6e04f1}" />
      </MissingDependency>
      <MissingDependency>
        <Required key="17" type="2" schemaName="tc_latestactivitydate" displayName="Latest Activity Date" parentSchemaName="incident" parentDisplayName="Case" solution="Active" />
        <Dependent key="7" type="26" schemaName="My Active &amp; Resolved Cases (IDS Rep)" displayName="My Active &amp; Resolved Cases (IDS Rep)" parentSchemaName="incident" parentDisplayName="Case" id="{88922e8f-9876-e711-8111-e0071b6e04f1}" />
      </MissingDependency>
      <MissingDependency>
        <Required key="19" type="2" schemaName="tc_casetypeid" displayName="Type" parentSchemaName="incident" parentDisplayName="Case" solution="Active" />
        <Dependent key="5" type="26" schemaName="My Cases Currently Assigned 24hr SLA (IDS Rep)" displayName="My Cases Currently Assigned 24hr SLA (IDS Rep)" parentSchemaName="incident" parentDisplayName="Case" id="{2df239d3-9676-e711-8111-e0071b6e04f1}" />
      </MissingDependency>
      <MissingDependency>
        <Required key="35" type="2" schemaName="tc_bookingid" displayName="Booking" parentSchemaName="tc_booking" parentDisplayName="Booking" solution="Active" />
        <Dependent key="5" type="26" schemaName="My Cases Currently Assigned 24hr SLA (IDS Rep)" displayName="My Cases Currently Assigned 24hr SLA (IDS Rep)" parentSchemaName="incident" parentDisplayName="Case" id="{2df239d3-9676-e711-8111-e0071b6e04f1}" />
      </MissingDependency>
      <MissingDependency>
        <Required key="15" type="2" schemaName="tc_language" displayName="Language" parentSchemaName="contact" parentDisplayName="Customer" solution="Active" />
        <Dependent key="5" type="26" schemaName="My Cases Currently Assigned 24hr SLA (IDS Rep)" displayName="My Cases Currently Assigned 24hr SLA (IDS Rep)" parentSchemaName="incident" parentDisplayName="Case" id="{2df239d3-9676-e711-8111-e0071b6e04f1}" />
      </MissingDependency>
      <MissingDependency>
        <Required key="35" type="2" schemaName="tc_bookingid" displayName="Booking" parentSchemaName="tc_booking" parentDisplayName="Booking" solution="Active" />
        <Dependent key="7" type="26" schemaName="My Active &amp; Resolved Cases (IDS Rep)" displayName="My Active &amp; Resolved Cases (IDS Rep)" parentSchemaName="incident" parentDisplayName="Case" id="{88922e8f-9876-e711-8111-e0071b6e04f1}" />
      </MissingDependency>
      <MissingDependency>
        <Required key="15" type="2" schemaName="tc_language" displayName="Language" parentSchemaName="contact" parentDisplayName="Customer" solution="Active" />
        <Dependent key="7" type="26" schemaName="My Active &amp; Resolved Cases (IDS Rep)" displayName="My Active &amp; Resolved Cases (IDS Rep)" parentSchemaName="incident" parentDisplayName="Case" id="{88922e8f-9876-e711-8111-e0071b6e04f1}" />
      </MissingDependency>
      <MissingDependency>
        <Required key="17" type="2" schemaName="tc_latestactivitydate" displayName="Latest Activity Date" parentSchemaName="incident" parentDisplayName="Case" solution="Active" />
        <Dependent key="5" type="26" schemaName="My Cases Currently Assigned 24hr SLA (IDS Rep)" displayName="My Cases Currently Assigned 24hr SLA (IDS Rep)" parentSchemaName="incident" parentDisplayName="Case" id="{2df239d3-9676-e711-8111-e0071b6e04f1}" />
      </MissingDependency>
      <MissingDependency>
        <Required key="34" type="2" schemaName="tc_bookingid" displayName="Linked Booking Reference" parentSchemaName="incident" parentDisplayName="Case" solution="Active" />
        <Dependent key="5" type="26" schemaName="My Cases Currently Assigned 24hr SLA (IDS Rep)" displayName="My Cases Currently Assigned 24hr SLA (IDS Rep)" parentSchemaName="incident" parentDisplayName="Case" id="{2df239d3-9676-e711-8111-e0071b6e04f1}" />
      </MissingDependency>
      <MissingDependency>
        <Required key="32" type="2" schemaName="tc_name" displayName="Booking Id" parentSchemaName="tc_booking" parentDisplayName="Booking" solution="Active" />
        <Dependent key="5" type="26" schemaName="My Cases Currently Assigned 24hr SLA (IDS Rep)" displayName="My Cases Currently Assigned 24hr SLA (IDS Rep)" parentSchemaName="incident" parentDisplayName="Case" id="{2df239d3-9676-e711-8111-e0071b6e04f1}" />
      </MissingDependency>
      <MissingDependency>
        <Required key="36" type="2" schemaName="tc_24hrpromisekpiresolvebyid" displayName="24 Hr Promise Resolve By KPI" parentSchemaName="incident" parentDisplayName="Case" solution="Active" />
        <Dependent key="5" type="26" schemaName="My Cases Currently Assigned 24hr SLA (IDS Rep)" displayName="My Cases Currently Assigned 24hr SLA (IDS Rep)" parentSchemaName="incident" parentDisplayName="Case" id="{2df239d3-9676-e711-8111-e0071b6e04f1}" />
      </MissingDependency>
      <MissingDependency>
        <Required key="19" type="2" schemaName="tc_casetypeid" displayName="Type" parentSchemaName="incident" parentDisplayName="Case" solution="Active" />
        <Dependent key="37" type="26" schemaName="My Teams Cases (IDS Rep)" displayName="My Teams Cases (IDS Rep)" parentSchemaName="incident" parentDisplayName="Case" id="{3c1d675e-9976-e711-8111-e0071b6e04f1}" />
      </MissingDependency>
      <MissingDependency>
        <Required key="15" type="2" schemaName="tc_language" displayName="Language" parentSchemaName="contact" parentDisplayName="Customer" solution="Active" />
        <Dependent key="37" type="26" schemaName="My Teams Cases (IDS Rep)" displayName="My Teams Cases (IDS Rep)" parentSchemaName="incident" parentDisplayName="Case" id="{3c1d675e-9976-e711-8111-e0071b6e04f1}" />
      </MissingDependency>
      <MissingDependency>
        <Required key="17" type="2" schemaName="tc_latestactivitydate" displayName="Latest Activity Date" parentSchemaName="incident" parentDisplayName="Case" solution="Active" />
        <Dependent key="2" type="26" schemaName="My Cases Currently Assigned 3/12 SLA (IDS Rep)" displayName="My Cases Currently Assigned 3/12 SLA (IDS Rep)" parentSchemaName="incident" parentDisplayName="Case" id="{86c85c17-9776-e711-8111-e0071b6e04f1}" />
      </MissingDependency>
      <MissingDependency>
        <Required key="36" type="2" schemaName="tc_24hrpromisekpiresolvebyid" displayName="24 Hr Promise Resolve By KPI" parentSchemaName="incident" parentDisplayName="Case" solution="Active" />
        <Dependent key="2" type="26" schemaName="My Cases Currently Assigned 3/12 SLA (IDS Rep)" displayName="My Cases Currently Assigned 3/12 SLA (IDS Rep)" parentSchemaName="incident" parentDisplayName="Case" id="{86c85c17-9776-e711-8111-e0071b6e04f1}" />
      </MissingDependency>
      <MissingDependency>
        <Required key="34" type="2" schemaName="tc_bookingid" displayName="Linked Booking Reference" parentSchemaName="incident" parentDisplayName="Case" solution="Active" />
        <Dependent key="2" type="26" schemaName="My Cases Currently Assigned 3/12 SLA (IDS Rep)" displayName="My Cases Currently Assigned 3/12 SLA (IDS Rep)" parentSchemaName="incident" parentDisplayName="Case" id="{86c85c17-9776-e711-8111-e0071b6e04f1}" />
      </MissingDependency>
      <MissingDependency>
        <Required key="19" type="2" schemaName="tc_casetypeid" displayName="Type" parentSchemaName="incident" parentDisplayName="Case" solution="Active" />
        <Dependent key="2" type="26" schemaName="My Cases Currently Assigned 3/12 SLA (IDS Rep)" displayName="My Cases Currently Assigned 3/12 SLA (IDS Rep)" parentSchemaName="incident" parentDisplayName="Case" id="{86c85c17-9776-e711-8111-e0071b6e04f1}" />
      </MissingDependency>
      <MissingDependency>
        <Required key="32" type="2" schemaName="tc_name" displayName="Booking Id" parentSchemaName="tc_booking" parentDisplayName="Booking" solution="Active" />
        <Dependent key="2" type="26" schemaName="My Cases Currently Assigned 3/12 SLA (IDS Rep)" displayName="My Cases Currently Assigned 3/12 SLA (IDS Rep)" parentSchemaName="incident" parentDisplayName="Case" id="{86c85c17-9776-e711-8111-e0071b6e04f1}" />
      </MissingDependency>
      <MissingDependency>
        <Required key="15" type="2" schemaName="tc_language" displayName="Language" parentSchemaName="contact" parentDisplayName="Customer" solution="Active" />
        <Dependent key="2" type="26" schemaName="My Cases Currently Assigned 3/12 SLA (IDS Rep)" displayName="My Cases Currently Assigned 3/12 SLA (IDS Rep)" parentSchemaName="incident" parentDisplayName="Case" id="{86c85c17-9776-e711-8111-e0071b6e04f1}" />
      </MissingDependency>
      <MissingDependency>
        <Required key="35" type="2" schemaName="tc_bookingid" displayName="Booking" parentSchemaName="tc_booking" parentDisplayName="Booking" solution="Active" />
        <Dependent key="2" type="26" schemaName="My Cases Currently Assigned 3/12 SLA (IDS Rep)" displayName="My Cases Currently Assigned 3/12 SLA (IDS Rep)" parentSchemaName="incident" parentDisplayName="Case" id="{86c85c17-9776-e711-8111-e0071b6e04f1}" />
      </MissingDependency>
      <MissingDependency>
        <Required key="19" type="2" schemaName="tc_casetypeid" displayName="Type" parentSchemaName="incident" parentDisplayName="Case" solution="Active" />
        <Dependent key="1" type="26" schemaName="Follow-Up Cases" displayName="Follow-Up Cases" parentSchemaName="incident" parentDisplayName="Case" id="{8e575b41-ed0e-e711-810a-3863bb340dd8}" />
      </MissingDependency>
      <MissingDependency>
        <Required key="17" type="2" schemaName="tc_latestactivitydate" displayName="Latest Activity Date" parentSchemaName="incident" parentDisplayName="Case" solution="Active" />
        <Dependent key="1" type="26" schemaName="Follow-Up Cases" displayName="Follow-Up Cases" parentSchemaName="incident" parentDisplayName="Case" id="{8e575b41-ed0e-e711-810a-3863bb340dd8}" />
      </MissingDependency>
      <MissingDependency>
        <Required key="32" type="2" schemaName="tc_name" displayName="Booking Id" parentSchemaName="tc_booking" parentDisplayName="Booking" solution="Active" />
        <Dependent key="1" type="26" schemaName="Follow-Up Cases" displayName="Follow-Up Cases" parentSchemaName="incident" parentDisplayName="Case" id="{8e575b41-ed0e-e711-810a-3863bb340dd8}" />
      </MissingDependency>
      <MissingDependency>
        <Required key="34" type="2" schemaName="tc_bookingid" displayName="Linked Booking Reference" parentSchemaName="incident" parentDisplayName="Case" solution="Active" />
        <Dependent key="1" type="26" schemaName="Follow-Up Cases" displayName="Follow-Up Cases" parentSchemaName="incident" parentDisplayName="Case" id="{8e575b41-ed0e-e711-810a-3863bb340dd8}" />
      </MissingDependency>
      <MissingDependency>
        <Required key="35" type="2" schemaName="tc_bookingid" displayName="Booking" parentSchemaName="tc_booking" parentDisplayName="Booking" solution="Active" />
        <Dependent key="1" type="26" schemaName="Follow-Up Cases" displayName="Follow-Up Cases" parentSchemaName="incident" parentDisplayName="Case" id="{8e575b41-ed0e-e711-810a-3863bb340dd8}" />
      </MissingDependency>
      <MissingDependency>
        <Required key="15" type="2" schemaName="tc_language" displayName="Language" parentSchemaName="contact" parentDisplayName="Customer" solution="Active" />
        <Dependent key="1" type="26" schemaName="Follow-Up Cases" displayName="Follow-Up Cases" parentSchemaName="incident" parentDisplayName="Case" id="{8e575b41-ed0e-e711-810a-3863bb340dd8}" />
      </MissingDependency>
      <MissingDependency>
        <Required key="38" type="20" displayName="Tc.Ids.Manager" solution="Active" id="{a2518d2f-f9f8-e611-8107-3863bb34fb48}" />
        <Dependent key="4" type="60" displayName="IDS Destination Manager" id="{bec074ec-0734-e711-8114-e0071b66a051}" />
      </MissingDependency>
      <MissingDependency>
        <Required key="39" type="20" displayName="Tc.Ids.QualityManager" solution="Active" id="{e478dc35-f9f8-e611-8107-3863bb34fb48}" />
        <Dependent key="4" type="60" displayName="IDS Destination Manager" id="{bec074ec-0734-e711-8114-e0071b66a051}" />
      </MissingDependency>
      <MissingDependency>
        <Required key="38" type="20" displayName="Tc.Ids.Manager" solution="Active" id="{a2518d2f-f9f8-e611-8107-3863bb34fb48}" />
        <Dependent key="8" type="60" displayName="IDS Team Manager" id="{87d1e1b3-b60f-e711-810a-3863bb340dd8}" />
      </MissingDependency>
      <MissingDependency>
        <Required key="39" type="20" displayName="Tc.Ids.QualityManager" solution="Active" id="{e478dc35-f9f8-e611-8107-3863bb34fb48}" />
        <Dependent key="8" type="60" displayName="IDS Team Manager" id="{87d1e1b3-b60f-e711-810a-3863bb340dd8}" />
      </MissingDependency>
      <MissingDependency>
        <Required key="38" type="20" displayName="Tc.Ids.Manager" solution="Active" id="{a2518d2f-f9f8-e611-8107-3863bb34fb48}" />
        <Dependent key="10" type="60" displayName="IDS Team Manager II" id="{fcf83436-d034-e711-8122-e0071b659e11}" />
      </MissingDependency>
      <MissingDependency>
        <Required key="39" type="20" displayName="Tc.Ids.QualityManager" solution="Active" id="{e478dc35-f9f8-e611-8107-3863bb34fb48}" />
        <Dependent key="10" type="60" displayName="IDS Team Manager II" id="{fcf83436-d034-e711-8122-e0071b659e11}" />
      </MissingDependency>
      <MissingDependency>
        <Required key="40" type="20" displayName="Tc.Ids.Rep" solution="Active" id="{2eef0323-f9f8-e611-8107-3863bb34fb48}" />
        <Dependent key="41" type="60" displayName="IDS Rep" id="{ecd565f4-ff33-e711-8114-e0071b66a051}" />
      </MissingDependency>
      <MissingDependency>
        <Required key="39" type="20" displayName="Tc.Ids.QualityManager" solution="Active" id="{e478dc35-f9f8-e611-8107-3863bb34fb48}" />
        <Dependent key="41" type="60" displayName="IDS Rep" id="{ecd565f4-ff33-e711-8114-e0071b66a051}" />
      </MissingDependency>
      <MissingDependency>
        <Required key="38" type="20" displayName="Tc.Ids.Manager" solution="Active" id="{a2518d2f-f9f8-e611-8107-3863bb34fb48}" />
        <Dependent key="41" type="60" displayName="IDS Rep" id="{ecd565f4-ff33-e711-8114-e0071b66a051}" />
      </MissingDependency>
      <MissingDependency>
        <Required key="38" type="20" displayName="Tc.Ids.Manager" solution="Active" id="{a2518d2f-f9f8-e611-8107-3863bb34fb48}" />
        <Dependent key="13" type="60" displayName="IDS Destination Manager II" id="{14d6fd80-3319-e711-8104-3863bb354ff0}" />
      </MissingDependency>
      <MissingDependency>
        <Required key="39" type="20" displayName="Tc.Ids.QualityManager" solution="Active" id="{e478dc35-f9f8-e611-8107-3863bb34fb48}" />
        <Dependent key="13" type="60" displayName="IDS Destination Manager II" id="{14d6fd80-3319-e711-8104-3863bb354ff0}" />
      </MissingDependency>
      <MissingDependency>
        <Required key="42" type="26" schemaName="My Destination's Pending Compensation Approvals" displayName="My Destination's Pending Compensation Approvals" parentSchemaName="tc_compensationapproval" parentDisplayName="Compensation Approval" solution="Active" id="{1d2061b0-d812-e711-810f-1458d041f8e8}" />
        <Dependent key="13" type="60" displayName="IDS Destination Manager II" id="{14d6fd80-3319-e711-8104-3863bb354ff0}" />
      </MissingDependency>
      <MissingDependency>
        <Required key="43" type="26" schemaName="My Destinations Overdue Compensation Approvals" displayName="My Destinations Overdue Compensation Approvals" parentSchemaName="tc_compensationapproval" parentDisplayName="Compensation Approval" solution="Active" id="{b6a824ad-f612-e711-810f-1458d041f8e8}" />
        <Dependent key="13" type="60" displayName="IDS Destination Manager II" id="{14d6fd80-3319-e711-8104-3863bb354ff0}" />
      </MissingDependency>
      <MissingDependency>
        <Required key="44" type="26" schemaName="My Teams Overdue Compensation Approval's" displayName="My Teams Overdue Compensation Approval's" parentSchemaName="tc_compensationapproval" parentDisplayName="Compensation Approval" solution="Active" id="{f5df0aea-cd34-e711-8122-e0071b659e11}" />
        <Dependent key="13" type="60" displayName="IDS Destination Manager II" id="{14d6fd80-3319-e711-8104-3863bb354ff0}" />
      </MissingDependency>
      <MissingDependency>
        <Required key="45" type="26" schemaName="My Teams Pending Compensation Approvals" displayName="My Teams Pending Compensation Approvals" parentSchemaName="tc_compensationapproval" parentDisplayName="Compensation Approval" solution="Active" id="{fbc59b48-ce34-e711-8122-e0071b659e11}" />
        <Dependent key="13" type="60" displayName="IDS Destination Manager II" id="{14d6fd80-3319-e711-8104-3863bb354ff0}" />
      </MissingDependency>
      <MissingDependency>
        <Required key="46" type="26" schemaName="My Destinations Recoveries" displayName="My Destinations Recoveries" parentSchemaName="tc_recovery" parentDisplayName="Recovery" solution="Active" id="{46eb6c68-5940-e711-8118-e0071b66a051}" />
        <Dependent key="13" type="60" displayName="IDS Destination Manager II" id="{14d6fd80-3319-e711-8104-3863bb354ff0}" />
      </MissingDependency>
      <MissingDependency>
        <Required key="47" type="26" schemaName="My Destination's Total Offered Compensation" displayName="My Destination's Total Offered Compensation" parentSchemaName="tc_compensation" parentDisplayName="Compensation" solution="Active" id="{a0afd38a-7935-e711-8102-e0071b66a0a1}" />
        <Dependent key="13" type="60" displayName="IDS Destination Manager II" id="{14d6fd80-3319-e711-8104-3863bb354ff0}" />
      </MissingDependency>
      <MissingDependency>
        <Required key="48" type="26" schemaName="Active Compensation" displayName="Active Compensation" parentSchemaName="tc_compensation" parentDisplayName="Compensation" solution="Active" id="{9836f754-4d4e-40f7-9f1c-be53a0eabbc7}" />
        <Dependent key="13" type="60" displayName="IDS Destination Manager II" id="{14d6fd80-3319-e711-8104-3863bb354ff0}" />
      </MissingDependency>
      <MissingDependency>
        <Required key="49" type="26" schemaName="My Active &amp; Resolved Cases" displayName="My Active &amp; Resolved Cases" parentSchemaName="incident" parentDisplayName="Case" solution="Active" id="{0d2d9ee3-b10f-e711-810a-3863bb340dd8}" />
        <Dependent key="41" type="60" displayName="IDS Rep" id="{ecd565f4-ff33-e711-8114-e0071b66a051}" />
      </MissingDependency>
      <MissingDependency>
        <Required key="50" type="26" schemaName="My Cases Currently Assigned 3/12 SLA" displayName="My Cases Currently Assigned 3/12 SLA" parentSchemaName="incident" parentDisplayName="Case" solution="Active" id="{8adf962c-7719-e711-810d-3863bb340dd8}" />
        <Dependent key="41" type="60" displayName="IDS Rep" id="{ecd565f4-ff33-e711-8114-e0071b66a051}" />
      </MissingDependency>
      <MissingDependency>
        <Required key="51" type="26" schemaName="My Teams Liquidation Report" displayName="My Teams Liquidation Report" parentSchemaName="tc_compensationline" parentDisplayName="Compensation Line" solution="Active" id="{2ad7e825-9435-e711-8102-e0071b66a0a1}" />
        <Dependent key="10" type="60" displayName="IDS Team Manager II" id="{fcf83436-d034-e711-8122-e0071b659e11}" />
      </MissingDependency>
      <MissingDependency>
        <Required key="52" type="26" schemaName="Active Recoveries" displayName="Active Recoveries" parentSchemaName="tc_recovery" parentDisplayName="Recovery" solution="Active" id="{1e41192a-237f-4bd2-82b7-9849fe0299ae}" />
        <Dependent key="13" type="60" displayName="IDS Destination Manager II" id="{14d6fd80-3319-e711-8104-3863bb354ff0}" />
      </MissingDependency>
      <MissingDependency>
        <Required key="44" type="26" schemaName="My Teams Overdue Compensation Approval's" displayName="My Teams Overdue Compensation Approval's" parentSchemaName="tc_compensationapproval" parentDisplayName="Compensation Approval" solution="Active" id="{f5df0aea-cd34-e711-8122-e0071b659e11}" />
        <Dependent key="10" type="60" displayName="IDS Team Manager II" id="{fcf83436-d034-e711-8122-e0071b659e11}" />
      </MissingDependency>
      <MissingDependency>
        <Required key="53" type="26" schemaName="My Teams Active Recoveries" displayName="My Teams Active Recoveries" parentSchemaName="tc_recovery" parentDisplayName="Recovery" solution="Active" id="{ae154b1c-ea3f-e711-8118-e0071b66a051}" />
        <Dependent key="10" type="60" displayName="IDS Team Manager II" id="{fcf83436-d034-e711-8122-e0071b659e11}" />
      </MissingDependency>
      <MissingDependency>
        <Required key="45" type="26" schemaName="My Teams Pending Compensation Approvals" displayName="My Teams Pending Compensation Approvals" parentSchemaName="tc_compensationapproval" parentDisplayName="Compensation Approval" solution="Active" id="{fbc59b48-ce34-e711-8122-e0071b659e11}" />
        <Dependent key="10" type="60" displayName="IDS Team Manager II" id="{fcf83436-d034-e711-8122-e0071b659e11}" />
      </MissingDependency>
      <MissingDependency>
        <Required key="52" type="26" schemaName="Active Recoveries" displayName="Active Recoveries" parentSchemaName="tc_recovery" parentDisplayName="Recovery" solution="Active" id="{1e41192a-237f-4bd2-82b7-9849fe0299ae}" />
        <Dependent key="10" type="60" displayName="IDS Team Manager II" id="{fcf83436-d034-e711-8122-e0071b659e11}" />
      </MissingDependency>
      <MissingDependency>
        <Required key="54" type="26" schemaName="Active Case Lines" displayName="Active Case Lines" parentSchemaName="tc_caseline" parentDisplayName="Case Line" solution="Active" id="{6097dca4-b98a-4c8d-8f02-a1b2e15d45c9}" />
        <Dependent key="8" type="60" displayName="IDS Team Manager" id="{87d1e1b3-b60f-e711-810a-3863bb340dd8}" />
      </MissingDependency>
      <MissingDependency>
        <Required key="55" type="26" schemaName="Cases by Hotel" displayName="Cases by Hotel" parentSchemaName="tc_caseline" parentDisplayName="Case Line" solution="Active" id="{8ac65c19-bc34-e711-8107-e0071b66e0a1}" />
        <Dependent key="8" type="60" displayName="IDS Team Manager" id="{87d1e1b3-b60f-e711-810a-3863bb340dd8}" />
      </MissingDependency>
      <MissingDependency>
        <Required key="56" type="26" schemaName="My Teams Cases by Category Level 3" displayName="My Teams Cases by Category Level 3" parentSchemaName="tc_caseline" parentDisplayName="Case Line" solution="Active" id="{e2408eef-6d35-e711-8102-e0071b66a0a1}" />
        <Dependent key="8" type="60" displayName="IDS Team Manager" id="{87d1e1b3-b60f-e711-810a-3863bb340dd8}" />
      </MissingDependency>
      <MissingDependency>
        <Required key="57" type="26" schemaName="My Open Survey Responses" displayName="My Open Survey Responses" parentSchemaName="tc_surveyresponse" parentDisplayName="Survey Response" solution="Active" id="{9c843df7-d07d-49b6-8454-1a1f8a99e5d7}" />
        <Dependent key="4" type="60" displayName="IDS Destination Manager" id="{bec074ec-0734-e711-8114-e0071b66a051}" />
      </MissingDependency>
      <MissingDependency>
        <Required key="55" type="26" schemaName="Cases by Hotel" displayName="Cases by Hotel" parentSchemaName="tc_caseline" parentDisplayName="Case Line" solution="Active" id="{8ac65c19-bc34-e711-8107-e0071b66e0a1}" />
        <Dependent key="4" type="60" displayName="IDS Destination Manager" id="{bec074ec-0734-e711-8114-e0071b66a051}" />
      </MissingDependency>
      <MissingDependency>
        <Required key="58" type="26" schemaName="My Teams Cases" displayName="My Teams Cases" parentSchemaName="incident" parentDisplayName="Case" solution="Active" id="{ebdc0ca5-9610-e711-810a-3863bb34fb48}" />
        <Dependent key="4" type="60" displayName="IDS Destination Manager" id="{bec074ec-0734-e711-8114-e0071b66a051}" />
      </MissingDependency>
      <MissingDependency>
        <Required key="56" type="26" schemaName="My Teams Cases by Category Level 3" displayName="My Teams Cases by Category Level 3" parentSchemaName="tc_caseline" parentDisplayName="Case Line" solution="Active" id="{e2408eef-6d35-e711-8102-e0071b66a0a1}" />
        <Dependent key="4" type="60" displayName="IDS Destination Manager" id="{bec074ec-0734-e711-8114-e0071b66a051}" />
      </MissingDependency>
      <MissingDependency>
        <Required key="58" type="26" schemaName="My Teams Cases" displayName="My Teams Cases" parentSchemaName="incident" parentDisplayName="Case" solution="Active" id="{ebdc0ca5-9610-e711-810a-3863bb34fb48}" />
        <Dependent key="8" type="60" displayName="IDS Team Manager" id="{87d1e1b3-b60f-e711-810a-3863bb340dd8}" />
      </MissingDependency>
      <MissingDependency>
        <Required key="59" type="59" schemaName="Number of Cases Escalated to CR" displayName="Number of Cases Escalated to CR" parentSchemaName="incident" parentDisplayName="Case" solution="Active" id="{22798cd6-cb34-e711-8122-e0071b659e11}" />
        <Dependent key="8" type="60" displayName="IDS Team Manager" id="{87d1e1b3-b60f-e711-810a-3863bb340dd8}" />
      </MissingDependency>
      <MissingDependency>
        <Required key="60" type="59" schemaName="By Owner &amp; CR SLA Status" displayName="By Owner &amp; CR SLA Status" parentSchemaName="incident" parentDisplayName="Case" solution="Active" id="{5b2ea729-2e15-e711-8110-1458d041f8e8}" />
        <Dependent key="4" type="60" displayName="IDS Destination Manager" id="{bec074ec-0734-e711-8114-e0071b66a051}" />
      </MissingDependency>
      <MissingDependency>
        <Required key="61" type="59" schemaName="Case by Hotel by Type" displayName="Case by Hotel by Type" parentSchemaName="tc_caseline" parentDisplayName="Case Line" solution="Active" id="{5fd67385-bc34-e711-8107-e0071b66e0a1}" />
        <Dependent key="4" type="60" displayName="IDS Destination Manager" id="{bec074ec-0734-e711-8114-e0071b66a051}" />
      </MissingDependency>
      <MissingDependency>
        <Required key="62" type="59" schemaName="Case by Category Level 3" displayName="Case by Category Level 3" parentSchemaName="tc_caseline" parentDisplayName="Case Line" solution="Active" id="{6ee7ee5e-6735-e711-8102-e0071b66a0a1}" />
        <Dependent key="4" type="60" displayName="IDS Destination Manager" id="{bec074ec-0734-e711-8114-e0071b66a051}" />
      </MissingDependency>
      <MissingDependency>
        <Required key="63" type="59" schemaName="Cases by SLA Status" displayName="Cases by SLA Status" parentSchemaName="incident" parentDisplayName="Case" solution="Active" id="{6da947d1-7919-e711-810d-3863bb340dd8}" />
        <Dependent key="4" type="60" displayName="IDS Destination Manager" id="{bec074ec-0734-e711-8114-e0071b66a051}" />
      </MissingDependency>
      <MissingDependency>
        <Required key="62" type="59" schemaName="Case by Category Level 3" displayName="Case by Category Level 3" parentSchemaName="tc_caseline" parentDisplayName="Case Line" solution="Active" id="{6ee7ee5e-6735-e711-8102-e0071b66a0a1}" />
        <Dependent key="8" type="60" displayName="IDS Team Manager" id="{87d1e1b3-b60f-e711-810a-3863bb340dd8}" />
      </MissingDependency>
      <MissingDependency>
        <Required key="61" type="59" schemaName="Case by Hotel by Type" displayName="Case by Hotel by Type" parentSchemaName="tc_caseline" parentDisplayName="Case Line" solution="Active" id="{5fd67385-bc34-e711-8107-e0071b66e0a1}" />
        <Dependent key="8" type="60" displayName="IDS Team Manager" id="{87d1e1b3-b60f-e711-810a-3863bb340dd8}" />
      </MissingDependency>
      <MissingDependency>
        <Required key="63" type="59" schemaName="Cases by SLA Status" displayName="Cases by SLA Status" parentSchemaName="incident" parentDisplayName="Case" solution="Active" id="{6da947d1-7919-e711-810d-3863bb340dd8}" />
        <Dependent key="8" type="60" displayName="IDS Team Manager" id="{87d1e1b3-b60f-e711-810a-3863bb340dd8}" />
      </MissingDependency>
      <MissingDependency>
        <Required key="64" type="59" schemaName="Compensation Approval by Modified On and Approval Status" displayName="Compensation Approval by Modified On and Approval Status" parentSchemaName="tc_compensationapproval" parentDisplayName="Compensation Approval" solution="Active" id="{ba935894-7c19-e711-810d-3863bb340dd8}" />
        <Dependent key="10" type="60" displayName="IDS Team Manager II" id="{fcf83436-d034-e711-8122-e0071b659e11}" />
      </MissingDependency>
      <MissingDependency>
        <Required key="65" type="59" schemaName="Amount by owner" displayName="Amount by owner" parentSchemaName="tc_compensationline" parentDisplayName="Compensation Line" solution="Active" id="{c3586b18-3c15-e711-810c-3863bb34fb48}" />
        <Dependent key="10" type="60" displayName="IDS Team Manager II" id="{fcf83436-d034-e711-8122-e0071b659e11}" />
      </MissingDependency>
      <MissingDependency>
        <Required key="66" type="59" schemaName="Active Recovery Records with Booking Ref. by Service Type" displayName="Active Recovery Records with Booking Ref. by Service Type" parentSchemaName="tc_recovery" parentDisplayName="Recovery" solution="Active" id="{b9068272-7c26-e711-8111-1458d041f8e8}" />
        <Dependent key="10" type="60" displayName="IDS Team Manager II" id="{fcf83436-d034-e711-8122-e0071b659e11}" />
      </MissingDependency>
      <MissingDependency>
        <Required key="63" type="59" schemaName="Cases by SLA Status" displayName="Cases by SLA Status" parentSchemaName="incident" parentDisplayName="Case" solution="Active" id="{6da947d1-7919-e711-810d-3863bb340dd8}" />
        <Dependent key="41" type="60" displayName="IDS Rep" id="{ecd565f4-ff33-e711-8114-e0071b66a051}" />
      </MissingDependency>
      <MissingDependency>
        <Required key="67" type="59" schemaName="Cases by 24hr SLA Status" displayName="Cases by 24hr SLA Status" parentSchemaName="incident" parentDisplayName="Case" solution="Active" id="{5e8569c1-d13b-e711-810a-e0071b66e0a1}" />
        <Dependent key="41" type="60" displayName="IDS Rep" id="{ecd565f4-ff33-e711-8114-e0071b66a051}" />
      </MissingDependency>
      <MissingDependency>
        <Required key="60" type="59" schemaName="By Owner &amp; CR SLA Status" displayName="By Owner &amp; CR SLA Status" parentSchemaName="incident" parentDisplayName="Case" solution="Active" id="{5b2ea729-2e15-e711-8110-1458d041f8e8}" />
        <Dependent key="41" type="60" displayName="IDS Rep" id="{ecd565f4-ff33-e711-8114-e0071b66a051}" />
      </MissingDependency>
      <MissingDependency>
        <Required key="68" type="59" schemaName="Total Offer Amount by Created On" displayName="Total Offer Amount by Created On" parentSchemaName="tc_compensation" parentDisplayName="Compensation" solution="Active" id="{565d7c56-0534-e711-8114-e0071b66a051}" />
        <Dependent key="13" type="60" displayName="IDS Destination Manager II" id="{14d6fd80-3319-e711-8104-3863bb354ff0}" />
      </MissingDependency>
      <MissingDependency>
        <Required key="64" type="59" schemaName="Compensation Approval by Modified On and Approval Status" displayName="Compensation Approval by Modified On and Approval Status" parentSchemaName="tc_compensationapproval" parentDisplayName="Compensation Approval" solution="Active" id="{ba935894-7c19-e711-810d-3863bb340dd8}" />
        <Dependent key="13" type="60" displayName="IDS Destination Manager II" id="{14d6fd80-3319-e711-8104-3863bb354ff0}" />
      </MissingDependency>
      <MissingDependency>
        <Required key="66" type="59" schemaName="Active Recovery Records with Booking Ref. by Service Type" displayName="Active Recovery Records with Booking Ref. by Service Type" parentSchemaName="tc_recovery" parentDisplayName="Recovery" solution="Active" id="{b9068272-7c26-e711-8111-1458d041f8e8}" />
        <Dependent key="13" type="60" displayName="IDS Destination Manager II" id="{14d6fd80-3319-e711-8104-3863bb354ff0}" />
      </MissingDependency>
    </MissingDependencies>
  </SolutionManifest>
</ImportExportXml>