﻿<?xml version="1.0" encoding="utf-8"?>
<?xml-stylesheet type="text/xsl" href="c:\program files (x86)\microsoft visual studio 14.0\team tools\static analysis tools\fxcop\Xml\CodeAnalysisReport.xsl"?>
<FxCopReport Version="14.0">
 <Targets>
  <Target Name="D:\Deba\Projects\TC\TFS\WS1\ThomasCook\trunk\Main\Source\Tc.Crm.WebJobs\Tc.Crm.WebJob.AllocateResortTeam\bin\Debug\Tc.Crm.WebJob.AllocateResortTeam.exe">
   <Modules>
    <Module Name="tc.crm.webjob.allocateresortteam.exe">
     <Messages>
      <Message TypeName="AssembliesShouldHaveValidStrongNames" Category="Microsoft.Design" CheckId="CA2210" Status="Active" Created="2017-05-02 19:30:03Z" FixCategory="NonBreaking">
       <Issue Name="NoStrongName" Certainty="95" Level="CriticalError">Sign 'Tc.Crm.WebJob.AllocateResortTeam.exe' with a strong name key.</Issue>
      </Message>
      <Message TypeName="MarkAssembliesWithClsCompliant" Category="Microsoft.Design" CheckId="CA1014" Status="Active" Created="2017-05-02 19:30:03Z" FixCategory="NonBreaking">
       <Issue Certainty="95" Level="Error">Mark 'Tc.Crm.WebJob.AllocateResortTeam.exe' with CLSCompliant(true) because it exposes externally visible types.</Issue>
      </Message>
     </Messages>
     <Namespaces>
      <Namespace Name="Tc.Crm.WebJob.AllocateResortTeam">
       <Types>
        <Type Name="Program" Kind="Class" Accessibility="Assembly" ExternallyVisible="False">
         <Members>
          <Member Name="#Main(System.String[])" Kind="Method" Static="True" Accessibility="Private" ExternallyVisible="False">
           <Messages>
            <Message Id="Tc.Crm.Common.Services.ILogger.LogInformation(System.String)" TypeName="Do not pass literals as localized parameters" Category="Microsoft.Globalization" CheckId="CA1303" Status="Active" Created="2017-05-02 19:30:03Z" FixCategory="DependsOnFix">
             <Issue Name="KnownValue" Certainty="75" Level="Warning" Path="D:\Deba\Projects\TC\TFS\WS1\ThomasCook\trunk\Main\Source\Tc.Crm.WebJobs\Tc.Crm.WebJob.AllocateResortTeam" File="Program.cs" Line="33">Method 'Program.Main(string[])' passes a literal string as parameter 'message' of a call to 'ILogger.LogInformation(string)'. Retrieve the following string(s) from a resource table instead: "Tc.Crm.WebJob.AllocateResortTeam Job Starts".</Issue>
             <Issue Name="KnownValue" Certainty="75" Level="Warning" Path="D:\Deba\Projects\TC\TFS\WS1\ThomasCook\trunk\Main\Source\Tc.Crm.WebJobs\Tc.Crm.WebJob.AllocateResortTeam" File="Program.cs" Line="35">Method 'Program.Main(string[])' passes a literal string as parameter 'message' of a call to 'ILogger.LogInformation(string)'. Retrieve the following string(s) from a resource table instead: "\r\n\r\nTc.Crm.WebJob.AllocateResortTeam Job End".</Issue>
            </Message>
           </Messages>
          </Member>
         </Members>
        </Type>
       </Types>
      </Namespace>
      <Namespace Name="Tc.Crm.WebJob.AllocateResortTeam.Models">
       <Types>
        <Type Name="ParentHotelTeam" Kind="Class" Accessibility="Public" ExternallyVisible="True">
         <Members>
          <Member Name="#BusinessUnit" Kind="Property" Static="False" Accessibility="Public" ExternallyVisible="True">
           <Messages>
            <Message TypeName="CollectionPropertiesShouldBeReadOnly" Category="Microsoft.Usage" CheckId="CA2227" Status="Active" Created="2017-05-02 19:30:03Z" FixCategory="Breaking">
             <Issue Certainty="75" Level="Warning" Path="D:\Deba\Projects\TC\TFS\WS1\ThomasCook\trunk\Main\Source\Tc.Crm.WebJobs\Tc.Crm.WebJob.AllocateResortTeam\Models" File="ParentHotelTeam.cs" Line="13">Change 'ParentHotelTeam.BusinessUnit' to be read-only by removing the property setter.</Issue>
            </Message>
           </Messages>
          </Member>
          <Member Name="#Team" Kind="Property" Static="False" Accessibility="Public" ExternallyVisible="True">
           <Messages>
            <Message TypeName="CollectionPropertiesShouldBeReadOnly" Category="Microsoft.Usage" CheckId="CA2227" Status="Active" Created="2017-05-02 19:30:03Z" FixCategory="Breaking">
             <Issue Certainty="75" Level="Warning" Path="D:\Deba\Projects\TC\TFS\WS1\ThomasCook\trunk\Main\Source\Tc.Crm.WebJobs\Tc.Crm.WebJob.AllocateResortTeam\Models" File="ParentHotelTeam.cs" Line="12">Change 'ParentHotelTeam.Team' to be read-only by removing the property setter.</Issue>
            </Message>
           </Messages>
          </Member>
         </Members>
        </Type>
       </Types>
      </Namespace>
      <Namespace Name="Tc.Crm.WebJob.AllocateResortTeam.Services">
       <Types>
        <Type Name="AllocateResortTeamService" Kind="Class" Accessibility="Public" ExternallyVisible="True">
         <Members>
          <Member Name="#AddResortTeamRequest(Tc.Crm.WebJob.AllocateResortTeam.Models.BookingAllocationResponse,System.Collections.Generic.IList`1&lt;Tc.Crm.WebJob.AllocateResortTeam.Models.BookingAllocationResortTeamRequest&gt;)" Kind="Method" Static="False" Accessibility="Public" ExternallyVisible="True">
           <Messages>
            <Message Id="1#" TypeName="ParameterNamesShouldMatchBaseDeclaration" Category="Microsoft.Naming" CheckId="CA1725" Status="Active" Created="2017-05-02 19:30:03Z" FixCategory="Breaking">
             <Issue Certainty="95" Level="Error" Path="D:\Deba\Projects\TC\TFS\WS1\ThomasCook\trunk\Main\Source\Tc.Crm.WebJobs\Tc.Crm.WebJob.AllocateResortTeam\Services" File="AllocateResortTeamService.cs" Line="209">In member 'AllocateResortTeamService.AddResortTeamRequest(BookingAllocationResponse, IList&lt;BookingAllocationResortTeamRequest&gt;)', change parameter name 'bookingAllocationResortTeamRequests' to 'bookingAllocationResortTeamRequest' in order to match the identifier as it has been declared in 'IAllocateResortTeamService.AddResortTeamRequest(BookingAllocationResponse, IList&lt;BookingAllocationResortTeamRequest&gt;)'.</Issue>
            </Message>
           </Messages>
          </Member>
          <Member Name="#DisposeObject(System.Object)" Kind="Method" Static="False" Accessibility="Private" ExternallyVisible="False">
           <Messages>
            <Message TypeName="DoNotCastUnnecessarily" Category="Microsoft.Performance" CheckId="CA1800" Status="Active" Created="2017-05-02 19:30:03Z" FixCategory="NonBreaking">
             <Issue Name="Parameter" Certainty="95" Level="Warning" Path="D:\Deba\Projects\TC\TFS\WS1\ThomasCook\trunk\Main\Source\Tc.Crm.WebJobs\Tc.Crm.WebJob.AllocateResortTeam\Services" File="AllocateResortTeamService.cs" Line="294">'obj', a parameter, is cast to type 'IDisposable' multiple times in method 'AllocateResortTeamService.DisposeObject(object)'. Cache the result of the 'as' operator or direct cast in order to eliminate the redundant castclass instruction.</Issue>
            </Message>
            <Message TypeName="MarkMembersAsStatic" Category="Microsoft.Performance" CheckId="CA1822" Status="Active" Created="2017-05-02 19:30:03Z" FixCategory="NonBreaking">
             <Issue Certainty="95" Level="Warning" Path="D:\Deba\Projects\TC\TFS\WS1\ThomasCook\trunk\Main\Source\Tc.Crm.WebJobs\Tc.Crm.WebJob.AllocateResortTeam\Services" File="AllocateResortTeamService.cs" Line="290">The 'this' parameter (or 'Me' in Visual Basic) of 'AllocateResortTeamService.DisposeObject(object)' is never used. Mark the member as static (or Shared in Visual Basic) or use 'this'/'Me' in the method body or at least one property accessor, if appropriate.</Issue>
            </Message>
           </Messages>
          </Member>
          <Member Name="#GetBookingAllocations()" Kind="Method" Static="False" Accessibility="Public" ExternallyVisible="True">
           <Messages>
            <Message Id="Tc.Crm.Common.Services.ILogger.LogWarning(System.String)" TypeName="Do not pass literals as localized parameters" Category="Microsoft.Globalization" CheckId="CA1303" Status="Active" Created="2017-05-02 19:30:03Z" FixCategory="DependsOnFix">
             <Issue Name="KnownValue" Certainty="75" Level="Warning" Path="D:\Deba\Projects\TC\TFS\WS1\ThomasCook\trunk\Main\Source\Tc.Crm.WebJobs\Tc.Crm.WebJob.AllocateResortTeam\Services" File="AllocateResortTeamService.cs" Line="34">Method 'AllocateResortTeamService.GetBookingAllocations()' passes a literal string as parameter 'message' of a call to 'ILogger.LogWarning(string)'. Retrieve the following string(s) from a resource table instead: "No Gateways found to process".</Issue>
            </Message>
            <Message Id="departureDateinNextXDays" TypeName="RemoveUnusedLocals" Category="Microsoft.Performance" CheckId="CA1804" Status="Active" Created="2017-05-02 19:30:03Z" FixCategory="NonBreaking">
             <Issue Certainty="95" Level="Warning" Path="D:\Deba\Projects\TC\TFS\WS1\ThomasCook\trunk\Main\Source\Tc.Crm.WebJobs\Tc.Crm.WebJob.AllocateResortTeam\Services" File="AllocateResortTeamService.cs" Line="39">'AllocateResortTeamService.GetBookingAllocations()' declares a variable, 'departureDateinNextXDays', of type 'int', which is never used or is only assigned to. Use this variable or remove it.</Issue>
            </Message>
            <Message Id="System.Int32.ToString" TypeName="SpecifyIFormatProvider" Category="Microsoft.Globalization" CheckId="CA1305" Status="Active" Created="2017-05-02 19:30:03Z" FixCategory="NonBreaking">
             <Issue Name="IFormatProviderAlternateString" Certainty="95" Level="Error" Path="D:\Deba\Projects\TC\TFS\WS1\ThomasCook\trunk\Main\Source\Tc.Crm.WebJobs\Tc.Crm.WebJob.AllocateResortTeam\Services" File="AllocateResortTeamService.cs" Line="38">Because the behavior of 'int.ToString()' could vary based on the current user's locale settings, replace this call in 'AllocateResortTeamService.GetBookingAllocations()' with a call to 'int.ToString(IFormatProvider)'. If the result of 'int.ToString(IFormatProvider)' will be displayed to the user, specify 'CultureInfo.CurrentCulture' as the 'IFormatProvider' parameter. Otherwise, if the result will be stored and accessed by software, such as when it is persisted to disk or to a database, specify 'CultureInfo.InvariantCulture'.</Issue>
            </Message>
           </Messages>
          </Member>
          <Member Name="#PrepareResortTeamRequest(Tc.Crm.WebJob.AllocateResortTeam.Models.BookingAllocationResponse)" Kind="Method" Static="False" Accessibility="Public" ExternallyVisible="True">
           <Messages>
            <Message Id="0#" TypeName="ParameterNamesShouldMatchBaseDeclaration" Category="Microsoft.Naming" CheckId="CA1725" Status="Active" Created="2017-05-02 19:30:03Z" FixCategory="Breaking">
             <Issue Certainty="95" Level="Error" Path="D:\Deba\Projects\TC\TFS\WS1\ThomasCook\trunk\Main\Source\Tc.Crm.WebJobs\Tc.Crm.WebJob.AllocateResortTeam\Services" File="AllocateResortTeamService.cs" Line="223">In member 'AllocateResortTeamService.PrepareResortTeamRequest(BookingAllocationResponse)', change parameter name 'bookingResponse' to 'bookingAllocationResponse' in order to match the identifier as it has been declared in 'IAllocateResortTeamService.PrepareResortTeamRequest(BookingAllocationResponse)'.</Issue>
            </Message>
           </Messages>
          </Member>
          <Member Name="#WriteAllocationResponseLog(Tc.Crm.WebJob.AllocateResortTeam.Models.BookingAllocationResponse)" Kind="Method" Static="False" Accessibility="Public" ExternallyVisible="True">
           <Messages>
            <Message Id="System.DateTime.ToString" TypeName="SpecifyIFormatProvider" Category="Microsoft.Globalization" CheckId="CA1305" Status="Active" Created="2017-05-02 19:30:03Z" FixCategory="NonBreaking">
             <Issue Name="IFormatProviderAlternateString" Certainty="95" Level="Error" Path="D:\Deba\Projects\TC\TFS\WS1\ThomasCook\trunk\Main\Source\Tc.Crm.WebJobs\Tc.Crm.WebJob.AllocateResortTeam\Services" File="AllocateResortTeamService.cs" Line="189">Because the behavior of 'DateTime.ToString()' could vary based on the current user's locale settings, replace this call in 'AllocateResortTeamService.WriteAllocationResponseLog(BookingAllocationResponse)' with a call to 'DateTime.ToString(IFormatProvider)'. If the result of 'DateTime.ToString(IFormatProvider)' will be displayed to the user, specify 'CultureInfo.CurrentCulture' as the 'IFormatProvider' parameter. Otherwise, if the result will be stored and accessed by software, such as when it is persisted to disk or to a database, specify 'CultureInfo.InvariantCulture'.</Issue>
            </Message>
           </Messages>
          </Member>
         </Members>
        </Type>
        <Type Name="AllocationService" Kind="Class" Accessibility="Public" ExternallyVisible="True">
         <Members>
          <Member Name="#DisposeObject(System.Object)" Kind="Method" Static="False" Accessibility="Private" ExternallyVisible="False">
           <Messages>
            <Message TypeName="DoNotCastUnnecessarily" Category="Microsoft.Performance" CheckId="CA1800" Status="Active" Created="2017-05-02 19:30:03Z" FixCategory="NonBreaking">
             <Issue Name="Parameter" Certainty="95" Level="Warning" Path="D:\Deba\Projects\TC\TFS\WS1\ThomasCook\trunk\Main\Source\Tc.Crm.WebJobs\Tc.Crm.WebJob.AllocateResortTeam\Services" File="AllocationService.cs" Line="418">'obj', a parameter, is cast to type 'IDisposable' multiple times in method 'AllocationService.DisposeObject(object)'. Cache the result of the 'as' operator or direct cast in order to eliminate the redundant castclass instruction.</Issue>
            </Message>
            <Message TypeName="MarkMembersAsStatic" Category="Microsoft.Performance" CheckId="CA1822" Status="Active" Created="2017-05-02 19:30:03Z" FixCategory="NonBreaking">
             <Issue Certainty="95" Level="Warning" Path="D:\Deba\Projects\TC\TFS\WS1\ThomasCook\trunk\Main\Source\Tc.Crm.WebJobs\Tc.Crm.WebJob.AllocateResortTeam\Services" File="AllocationService.cs" Line="414">The 'this' parameter (or 'Me' in Visual Basic) of 'AllocationService.DisposeObject(object)' is never used. Mark the member as static (or Shared in Visual Basic) or use 'this'/'Me' in the method body or at least one property accessor, if appropriate.</Issue>
            </Message>
           </Messages>
          </Member>
          <Member Name="#GetBookingAllocations(Tc.Crm.WebJob.AllocateResortTeam.Models.BookingAllocationRequest)" Kind="Method" Static="False" Accessibility="Public" ExternallyVisible="True">
           <Messages>
            <Message TypeName="InstantiateArgumentExceptionsCorrectly" Category="Microsoft.Usage" CheckId="CA2208" Status="Active" Created="2017-05-02 19:30:03Z" FixCategory="NonBreaking">
             <Issue Name="IncorrectParameterName" Certainty="95" Level="CriticalError" Path="D:\Deba\Projects\TC\TFS\WS1\ThomasCook\trunk\Main\Source\Tc.Crm.WebJobs\Tc.Crm.WebJob.AllocateResortTeam\Services" File="AllocationService.cs" Line="34">Method 'AllocationService.GetBookingAllocations(BookingAllocationRequest)' passes 'bookingAllocationRequest.DepartureDate and bookingAllocationRequest.ReturnDate' as the 'paramName' argument to a 'ArgumentNullException' constructor. Replace this argument with one of the method's parameter names. Note that the provided parameter name should have the exact casing as declared on the method.</Issue>
             <Issue Name="IncorrectParameterName" Certainty="95" Level="CriticalError" Path="D:\Deba\Projects\TC\TFS\WS1\ThomasCook\trunk\Main\Source\Tc.Crm.WebJobs\Tc.Crm.WebJob.AllocateResortTeam\Services" File="AllocationService.cs" Line="30">Method 'AllocationService.GetBookingAllocations(BookingAllocationRequest)' passes 'bookingAllocationRequest.Destination' as the 'paramName' argument to a 'ArgumentNullException' constructor. Replace this argument with one of the method's parameter names. Note that the provided parameter name should have the exact casing as declared on the method.</Issue>
            </Message>
            <Message Id="System.DateTime.ToString(System.String)" TypeName="SpecifyIFormatProvider" Category="Microsoft.Globalization" CheckId="CA1305" Status="Active" Created="2017-05-02 19:30:03Z" FixCategory="NonBreaking">
             <Issue Name="IFormatProviderAlternateString" Certainty="95" Level="Error" Path="D:\Deba\Projects\TC\TFS\WS1\ThomasCook\trunk\Main\Source\Tc.Crm.WebJobs\Tc.Crm.WebJob.AllocateResortTeam\Services" File="AllocationService.cs" Line="36">Because the behavior of 'DateTime.ToString(string)' could vary based on the current user's locale settings, replace this call in 'AllocationService.GetBookingAllocations(BookingAllocationRequest)' with a call to 'DateTime.ToString(string, IFormatProvider)'. If the result of 'DateTime.ToString(string, IFormatProvider)' will be displayed to the user, specify 'CultureInfo.CurrentCulture' as the 'IFormatProvider' parameter. Otherwise, if the result will be stored and accessed by software, such as when it is persisted to disk or to a database, specify 'CultureInfo.InvariantCulture'.</Issue>
             <Issue Name="IFormatProviderAlternateString" Certainty="95" Level="Error" Path="D:\Deba\Projects\TC\TFS\WS1\ThomasCook\trunk\Main\Source\Tc.Crm.WebJobs\Tc.Crm.WebJob.AllocateResortTeam\Services" File="AllocationService.cs" Line="36">Because the behavior of 'DateTime.ToString(string)' could vary based on the current user's locale settings, replace this call in 'AllocationService.GetBookingAllocations(BookingAllocationRequest)' with a call to 'DateTime.ToString(string, IFormatProvider)'. If the result of 'DateTime.ToString(string, IFormatProvider)' will be displayed to the user, specify 'CultureInfo.CurrentCulture' as the 'IFormatProvider' parameter. Otherwise, if the result will be stored and accessed by software, such as when it is persisted to disk or to a database, specify 'CultureInfo.InvariantCulture'.</Issue>
            </Message>
            <Message Id="System.String.Format(System.String,System.Object[])" TypeName="SpecifyIFormatProvider" Category="Microsoft.Globalization" CheckId="CA1305" Status="Active" Created="2017-05-02 19:30:03Z" FixCategory="NonBreaking">
             <Issue Name="IFormatProviderAlternateString" Certainty="95" Level="Error" Path="D:\Deba\Projects\TC\TFS\WS1\ThomasCook\trunk\Main\Source\Tc.Crm.WebJobs\Tc.Crm.WebJob.AllocateResortTeam\Services" File="AllocationService.cs" Line="36">Because the behavior of 'string.Format(string, params object[])' could vary based on the current user's locale settings, replace this call in 'AllocationService.GetBookingAllocations(BookingAllocationRequest)' with a call to 'string.Format(IFormatProvider, string, params object[])'. If the result of 'string.Format(IFormatProvider, string, params object[])' will be displayed to the user, specify 'CultureInfo.CurrentCulture' as the 'IFormatProvider' parameter. Otherwise, if the result will be stored and accessed by software, such as when it is persisted to disk or to a database, specify 'CultureInfo.InvariantCulture'.</Issue>
            </Message>
           </Messages>
          </Member>
          <Member Name="#GetBusinessUnitField(Microsoft.Xrm.Sdk.Entity)" Kind="Method" Static="False" Accessibility="Public" ExternallyVisible="True">
           <Messages>
            <Message TypeName="MarkMembersAsStatic" Category="Microsoft.Performance" CheckId="CA1822" Status="Active" Created="2017-05-02 19:30:03Z" FixCategory="DependsOnFix">
             <Issue Certainty="95" Level="Warning" Path="D:\Deba\Projects\TC\TFS\WS1\ThomasCook\trunk\Main\Source\Tc.Crm.WebJobs\Tc.Crm.WebJob.AllocateResortTeam\Services" File="AllocationService.cs" Line="144">The 'this' parameter (or 'Me' in Visual Basic) of 'AllocationService.GetBusinessUnitField(Entity)' is never used. Mark the member as static (or Shared in Visual Basic) or use 'this'/'Me' in the method body or at least one property accessor, if appropriate.</Issue>
            </Message>
            <Message Id="0" TypeName="Validate arguments of public methods" Category="Microsoft.Design" CheckId="CA1062" Status="Active" Created="2017-05-02 19:30:03Z" FixCategory="DependsOnFix">
             <Issue Certainty="75" Level="Warning" Path="D:\Deba\Projects\TC\TFS\WS1\ThomasCook\trunk\Main\Source\Tc.Crm.WebJobs\Tc.Crm.WebJob.AllocateResortTeam\Services" File="AllocationService.cs" Line="148">In externally visible method 'AllocationService.GetBusinessUnitField(Entity)', validate parameter 'booking' before using it.</Issue>
            </Message>
           </Messages>
          </Member>
          <Member Name="#GetChildTeams(Tc.Crm.WebJob.AllocateResortTeam.Models.ParentHotelTeam)" Kind="Method" Static="False" Accessibility="Public" ExternallyVisible="True">
           <Messages>
            <Message Id="System.String.Format(System.String,System.Object,System.Object)" TypeName="SpecifyIFormatProvider" Category="Microsoft.Globalization" CheckId="CA1305" Status="Active" Created="2017-05-02 19:30:03Z" FixCategory="NonBreaking">
             <Issue Name="IFormatProviderAlternateString" Certainty="95" Level="Error" Path="D:\Deba\Projects\TC\TFS\WS1\ThomasCook\trunk\Main\Source\Tc.Crm.WebJobs\Tc.Crm.WebJob.AllocateResortTeam\Services" File="AllocationService.cs" Line="162">Because the behavior of 'string.Format(string, object, object)' could vary based on the current user's locale settings, replace this call in 'AllocationService.GetChildTeams(ParentHotelTeam)' with a call to 'string.Format(IFormatProvider, string, params object[])'. If the result of 'string.Format(IFormatProvider, string, params object[])' will be displayed to the user, specify 'CultureInfo.CurrentCulture' as the 'IFormatProvider' parameter. Otherwise, if the result will be stored and accessed by software, such as when it is persisted to disk or to a database, specify 'CultureInfo.InvariantCulture'.</Issue>
            </Message>
           </Messages>
          </Member>
          <Member Name="#GetLookupConditions(System.Collections.Generic.IList`1&lt;System.Guid&gt;)" Kind="Method" Static="False" Accessibility="Public" ExternallyVisible="True">
           <Messages>
            <Message Id="0" TypeName="Validate arguments of public methods" Category="Microsoft.Design" CheckId="CA1062" Status="Active" Created="2017-05-02 19:30:03Z" FixCategory="DependsOnFix">
             <Issue Certainty="75" Level="Warning" Path="D:\Deba\Projects\TC\TFS\WS1\ThomasCook\trunk\Main\Source\Tc.Crm.WebJobs\Tc.Crm.WebJob.AllocateResortTeam\Services" File="AllocationService.cs" Line="185">In externally visible method 'AllocationService.GetLookupConditions(IList&lt;Guid&gt;)', validate parameter 'lookups' before using it.</Issue>
            </Message>
           </Messages>
          </Member>
          <Member Name="#GetOwner(Microsoft.Xrm.Sdk.Entity,System.String,System.Boolean)" Kind="Method" Static="False" Accessibility="Public" ExternallyVisible="True">
           <Messages>
            <Message Id="1#" TypeName="ParameterNamesShouldMatchBaseDeclaration" Category="Microsoft.Naming" CheckId="CA1725" Status="Active" Created="2017-05-02 19:30:03Z" FixCategory="Breaking">
             <Issue Certainty="95" Level="Error" Path="D:\Deba\Projects\TC\TFS\WS1\ThomasCook\trunk\Main\Source\Tc.Crm.WebJobs\Tc.Crm.WebJob.AllocateResortTeam\Services" File="AllocationService.cs" Line="315">In member 'AllocationService.GetOwner(Entity, string, bool)', change parameter name 'attributeName' to 'attribute' in order to match the identifier as it has been declared in 'IAllocationService.GetOwner(Entity, string, bool)'.</Issue>
            </Message>
           </Messages>
          </Member>
          <Member Name="#GetOwnerType(Microsoft.Xrm.Sdk.EntityReference)" Kind="Method" Static="False" Accessibility="Public" ExternallyVisible="True">
           <Messages>
            <Message Id="0" TypeName="Validate arguments of public methods" Category="Microsoft.Design" CheckId="CA1062" Status="Active" Created="2017-05-02 19:30:03Z" FixCategory="DependsOnFix">
             <Issue Certainty="75" Level="Warning" Path="D:\Deba\Projects\TC\TFS\WS1\ThomasCook\trunk\Main\Source\Tc.Crm.WebJobs\Tc.Crm.WebJob.AllocateResortTeam\Services" File="AllocationService.cs" Line="308">In externally visible method 'AllocationService.GetOwnerType(EntityReference)', validate parameter 'owner' before using it.</Issue>
            </Message>
           </Messages>
          </Member>
          <Member Name="#PrepareBookingAllocation(Microsoft.Xrm.Sdk.EntityCollection,System.Collections.Generic.List`1&lt;Tc.Crm.WebJob.AllocateResortTeam.Models.ChildHotelTeam&gt;)" Kind="Method" Static="False" Accessibility="Public" ExternallyVisible="True">
           <Messages>
            <Message TypeName="AvoidExcessiveComplexity" Category="Microsoft.Maintainability" CheckId="CA1502" Status="Active" Created="2017-05-02 19:30:03Z" FixCategory="NonBreaking">
             <Issue Certainty="90" Level="Warning" Path="D:\Deba\Projects\TC\TFS\WS1\ThomasCook\trunk\Main\Source\Tc.Crm.WebJobs\Tc.Crm.WebJob.AllocateResortTeam\Services" File="AllocationService.cs" Line="216">'AllocationService.PrepareBookingAllocation(EntityCollection, List&lt;ChildHotelTeam&gt;)' has a cyclomatic complexity of 30. Rewrite or refactor the method to reduce complexity to 25.</Issue>
            </Message>
            <Message Id="Tc.Crm.Common.Services.ILogger.LogWarning(System.String)" TypeName="Do not pass literals as localized parameters" Category="Microsoft.Globalization" CheckId="CA1303" Status="Active" Created="2017-05-02 19:30:03Z" FixCategory="DependsOnFix">
             <Issue Name="KnownValue" Certainty="75" Level="Warning" Path="D:\Deba\Projects\TC\TFS\WS1\ThomasCook\trunk\Main\Source\Tc.Crm.WebJobs\Tc.Crm.WebJob.AllocateResortTeam\Services" File="AllocationService.cs" Line="220">Method 'AllocationService.PrepareBookingAllocation(EntityCollection, List&lt;ChildHotelTeam&gt;)' passes a literal string as parameter 'message' of a call to 'ILogger.LogWarning(string)'. Retrieve the following string(s) from a resource table instead: "No booking records found to process in CRM for the schedule.".</Issue>
             <Issue Name="KnownValue" Certainty="75" Level="Warning" Path="D:\Deba\Projects\TC\TFS\WS1\ThomasCook\trunk\Main\Source\Tc.Crm.WebJobs\Tc.Crm.WebJob.AllocateResortTeam\Services" File="AllocationService.cs" Line="226">Method 'AllocationService.PrepareBookingAllocation(EntityCollection, List&lt;ChildHotelTeam&gt;)' passes a literal string as parameter 'message' of a call to 'ILogger.LogWarning(string)'. Retrieve the following string(s) from a resource table instead: "No child Teams found to process in CRM for the schedule.".</Issue>
            </Message>
            <Message TypeName="DoNotExposeGenericLists" Category="Microsoft.Design" CheckId="CA1002" Status="Active" Created="2017-05-02 19:30:03Z" FixCategory="Breaking">
             <Issue Certainty="95" Level="Error" Path="D:\Deba\Projects\TC\TFS\WS1\ThomasCook\trunk\Main\Source\Tc.Crm.WebJobs\Tc.Crm.WebJob.AllocateResortTeam\Services" File="AllocationService.cs" Line="216">Change 'List&lt;ChildHotelTeam&gt;' in 'AllocationService.PrepareBookingAllocation(EntityCollection, List&lt;ChildHotelTeam&gt;)' to use Collection&lt;T&gt;, ReadOnlyCollection&lt;T&gt; or KeyedCollection&lt;K,V&gt;</Issue>
            </Message>
            <Message Id="System.DateTime.Parse(System.String)" TypeName="SpecifyIFormatProvider" Category="Microsoft.Globalization" CheckId="CA1305" Status="Active" Created="2017-05-02 19:30:03Z" FixCategory="NonBreaking">
             <Issue Name="IFormatProviderAlternate" Certainty="95" Level="Error" Path="D:\Deba\Projects\TC\TFS\WS1\ThomasCook\trunk\Main\Source\Tc.Crm.WebJobs\Tc.Crm.WebJob.AllocateResortTeam\Services" File="AllocationService.cs" Line="253">Because the behavior of 'DateTime.Parse(string)' could vary based on the current user's locale settings, replace this call in 'AllocationService.PrepareBookingAllocation(EntityCollection, List&lt;ChildHotelTeam&gt;)' with a call to 'DateTime.Parse(string, IFormatProvider)'. If the result of 'DateTime.Parse(string, IFormatProvider)' will be based on input from the user, specify 'CultureInfo.CurrentCulture' as the 'IFormatProvider' parameter. Otherwise, if the result will based on input stored and accessed by software, such as when it is loaded from disk or from a database, specify 'CultureInfo.InvariantCulture'.</Issue>
             <Issue Name="IFormatProviderAlternate" Certainty="95" Level="Error" Path="D:\Deba\Projects\TC\TFS\WS1\ThomasCook\trunk\Main\Source\Tc.Crm.WebJobs\Tc.Crm.WebJob.AllocateResortTeam\Services" File="AllocationService.cs" Line="255">Because the behavior of 'DateTime.Parse(string)' could vary based on the current user's locale settings, replace this call in 'AllocationService.PrepareBookingAllocation(EntityCollection, List&lt;ChildHotelTeam&gt;)' with a call to 'DateTime.Parse(string, IFormatProvider)'. If the result of 'DateTime.Parse(string, IFormatProvider)' will be based on input from the user, specify 'CultureInfo.CurrentCulture' as the 'IFormatProvider' parameter. Otherwise, if the result will based on input stored and accessed by software, such as when it is loaded from disk or from a database, specify 'CultureInfo.InvariantCulture'.</Issue>
            </Message>
           </Messages>
          </Member>
          <Member Name="#PrepareChildTeam(Microsoft.Xrm.Sdk.EntityCollection)" Kind="Method" Static="False" Accessibility="Public" ExternallyVisible="True">
           <Messages>
            <Message TypeName="DoNotExposeGenericLists" Category="Microsoft.Design" CheckId="CA1002" Status="Active" Created="2017-05-02 19:30:03Z" FixCategory="Breaking">
             <Issue Certainty="95" Level="Error" Path="D:\Deba\Projects\TC\TFS\WS1\ThomasCook\trunk\Main\Source\Tc.Crm.WebJobs\Tc.Crm.WebJob.AllocateResortTeam\Services" File="AllocationService.cs" Line="196">Change 'List&lt;ChildHotelTeam&gt;' in 'AllocationService.PrepareChildTeam(EntityCollection)' to use Collection&lt;T&gt;, ReadOnlyCollection&lt;T&gt; or KeyedCollection&lt;K,V&gt;</Issue>
            </Message>
            <Message Id="0#" TypeName="ParameterNamesShouldMatchBaseDeclaration" Category="Microsoft.Naming" CheckId="CA1725" Status="Active" Created="2017-05-02 19:30:03Z" FixCategory="Breaking">
             <Issue Certainty="95" Level="Error" Path="D:\Deba\Projects\TC\TFS\WS1\ThomasCook\trunk\Main\Source\Tc.Crm.WebJobs\Tc.Crm.WebJob.AllocateResortTeam\Services" File="AllocationService.cs" Line="196">In member 'AllocationService.PrepareChildTeam(EntityCollection)', change parameter name 'childTeamCollection' to 'childTeams' in order to match the identifier as it has been declared in 'IAllocationService.PrepareChildTeam(EntityCollection)'.</Issue>
            </Message>
           </Messages>
          </Member>
          <Member Name="#ProcessBookingAllocations(System.Collections.Generic.IList`1&lt;Tc.Crm.WebJob.AllocateResortTeam.Models.BookingAllocationResortTeamRequest&gt;)" Kind="Method" Static="False" Accessibility="Public" ExternallyVisible="True">
           <Messages>
            <Message Id="0#" TypeName="ParameterNamesShouldMatchBaseDeclaration" Category="Microsoft.Naming" CheckId="CA1725" Status="Active" Created="2017-05-02 19:30:03Z" FixCategory="Breaking">
             <Issue Certainty="95" Level="Error" Path="D:\Deba\Projects\TC\TFS\WS1\ThomasCook\trunk\Main\Source\Tc.Crm.WebJobs\Tc.Crm.WebJob.AllocateResortTeam\Services" File="AllocationService.cs" Line="334">In member 'AllocationService.ProcessBookingAllocations(IList&lt;BookingAllocationResortTeamRequest&gt;)', change parameter name 'bookingAllocationResortTeamRequests' to 'bookingAllocationResortTeamRequest' in order to match the identifier as it has been declared in 'IAllocationService.ProcessBookingAllocations(IList&lt;BookingAllocationResortTeamRequest&gt;)'.</Issue>
            </Message>
           </Messages>
          </Member>
         </Members>
        </Type>
        <Type Name="IAllocateResortTeamService" Kind="Interface" Accessibility="Public" ExternallyVisible="True">
         <Members>
          <Member Name="#ValidForProcessing(Tc.Crm.WebJob.AllocateResortTeam.Models.BookingAllocationResponse,System.Collections.Generic.List`1&lt;System.Guid&gt;,System.String)" Kind="Method" Static="False" Accessibility="Public" ExternallyVisible="True">
           <Messages>
            <Message TypeName="DoNotExposeGenericLists" Category="Microsoft.Design" CheckId="CA1002" Status="Active" Created="2017-05-02 19:30:03Z" FixCategory="Breaking">
             <Issue Certainty="95" Level="Error">Change 'List&lt;Guid&gt;' in 'IAllocateResortTeamService.ValidForProcessing(BookingAllocationResponse, List&lt;Guid&gt;, string)' to use Collection&lt;T&gt;, ReadOnlyCollection&lt;T&gt; or KeyedCollection&lt;K,V&gt;</Issue>
            </Message>
           </Messages>
          </Member>
         </Members>
        </Type>
        <Type Name="IAllocationService" Kind="Interface" Accessibility="Public" ExternallyVisible="True">
         <Members>
          <Member Name="#PrepareBookingAllocation(Microsoft.Xrm.Sdk.EntityCollection,System.Collections.Generic.List`1&lt;Tc.Crm.WebJob.AllocateResortTeam.Models.ChildHotelTeam&gt;)" Kind="Method" Static="False" Accessibility="Public" ExternallyVisible="True">
           <Messages>
            <Message TypeName="DoNotExposeGenericLists" Category="Microsoft.Design" CheckId="CA1002" Status="Active" Created="2017-05-02 19:30:03Z" FixCategory="Breaking">
             <Issue Certainty="95" Level="Error">Change 'List&lt;ChildHotelTeam&gt;' in 'IAllocationService.PrepareBookingAllocation(EntityCollection, List&lt;ChildHotelTeam&gt;)' to use Collection&lt;T&gt;, ReadOnlyCollection&lt;T&gt; or KeyedCollection&lt;K,V&gt;</Issue>
            </Message>
           </Messages>
          </Member>
          <Member Name="#PrepareChildTeam(Microsoft.Xrm.Sdk.EntityCollection)" Kind="Method" Static="False" Accessibility="Public" ExternallyVisible="True">
           <Messages>
            <Message TypeName="DoNotExposeGenericLists" Category="Microsoft.Design" CheckId="CA1002" Status="Active" Created="2017-05-02 19:30:03Z" FixCategory="Breaking">
             <Issue Certainty="95" Level="Error">Change 'List&lt;ChildHotelTeam&gt;' in 'IAllocationService.PrepareChildTeam(EntityCollection)' to use Collection&lt;T&gt;, ReadOnlyCollection&lt;T&gt; or KeyedCollection&lt;K,V&gt;</Issue>
            </Message>
           </Messages>
          </Member>
         </Members>
        </Type>
       </Types>
      </Namespace>
     </Namespaces>
    </Module>
   </Modules>
  </Target>
 </Targets>
 <Rules>
  <Rule TypeName="AssembliesShouldHaveValidStrongNames" Category="Microsoft.Design" CheckId="CA2210">
   <Name>Assemblies should have valid strong names</Name>
   <Description>Either the assembly has no strong name, an invalid one, or the strong name is valid only because of the computer configuration. The assembly should not be deployed in this state. The most common causes of this are: 1) The assembly's contents were modified after it was signed. 2) The signing process failed. 3) The assembly was delay-signed. 4) A registry key existed that allowed the check to pass (where it would not have otherwise).</Description>
   <Resolution Name="NoStrongName">Sign {0} with a strong name key.</Resolution>
   <Owner />
   <Url>http://msdn.microsoft.com/library/ms182127.aspx</Url>
   <Email>[none]</Email>
   <MessageLevel Certainty="95">CriticalError</MessageLevel>
   <File Name="designrules.dll" Version="14.0.0.0" />
  </Rule>
  <Rule TypeName="AvoidExcessiveComplexity" Category="Microsoft.Maintainability" CheckId="CA1502">
   <Name>Avoid excessive complexity</Name>
   <Description>Method implementations that are exceedingly complex increase the challenge of understanding and maintaining code.</Description>
   <Resolution Name="Default">{0} has a cyclomatic complexity of {1}. Rewrite or refactor the method to reduce complexity to {2}.</Resolution>
   <Owner />
   <Url>http://msdn.microsoft.com/library/ms182212.aspx</Url>
   <Email>[none]</Email>
   <MessageLevel Certainty="90">Warning</MessageLevel>
   <File Name="maintainabilityrules.dll" Version="14.0.0.0" />
  </Rule>
  <Rule TypeName="CollectionPropertiesShouldBeReadOnly" Category="Microsoft.Usage" CheckId="CA2227">
   <Name>Collection properties should be read only</Name>
   <Description>Properties that return collections should be read-only so that users cannot entirely replace the backing store. Users can still modify the contents of the collection by calling relevant methods on the collection. Note that the XmlSerializer class has special support for deserializing read-only collections. See the XmlSerializer overview for more information.</Description>
   <Resolution Name="Default">Change {0} to be read-only by removing the property setter.</Resolution>
   <Owner />
   <Url>http://msdn.microsoft.com/library/ms182327.aspx</Url>
   <Email>[none]</Email>
   <MessageLevel Certainty="75">Warning</MessageLevel>
   <File Name="usagerules.dll" Version="14.0.0.0" />
  </Rule>
  <Rule TypeName="Do not pass literals as localized parameters" Category="Microsoft.Globalization" CheckId="CA1303">
   <Name>Do not pass literals as localized parameters</Name>
   <Description>Literal strings that are embedded in source code are difficult to localize. Avoid passing literal strings as arguments in circumstances where a localized string is generally expected.</Description>
   <Resolution Name="KnownValue">Method {0} passes a literal string as parameter '{1}' of a call to {2}. Retrieve the following string(s) from a resource table instead: {3}.</Resolution>
   <Owner>RuleOwner</Owner>
   <Url>http://msdn.microsoft.com/library/ms182187.aspx</Url>
   <Email />
   <MessageLevel Certainty="75">Warning</MessageLevel>
   <File Name="dataflowrules.dll" Version="14.0.0.0" />
  </Rule>
  <Rule TypeName="DoNotCastUnnecessarily" Category="Microsoft.Performance" CheckId="CA1800">
   <Name>Do not cast unnecessarily</Name>
   <Description>Avoid duplicate casts where possible, since there is a cost associated with them.</Description>
   <Resolution Name="Parameter">{0}, a parameter, is cast to type {1} multiple times in method {2}. Cache the result of the 'as' operator or direct cast in order to eliminate the redundant {3} instruction.</Resolution>
   <Owner />
   <Url>http://msdn.microsoft.com/library/ms182271.aspx</Url>
   <Email>[none]</Email>
   <MessageLevel Certainty="95">Warning</MessageLevel>
   <File Name="performancerules.dll" Version="14.0.0.0" />
  </Rule>
  <Rule TypeName="DoNotExposeGenericLists" Category="Microsoft.Design" CheckId="CA1002">
   <Name>Do not expose generic lists</Name>
   <Description>Do not expose List&lt;T&gt; in object models. Use Collection&lt;T&gt;, ReadOnlyCollection&lt;T&gt; or KeyedCollection&lt;K,V&gt; instead. List&lt;T&gt; is meant to be used from implementation, not in object model API. List&lt;T&gt; is optimized for performance at the cost of long term versioning. For example, if you return List&lt;T&gt; to the client code, you will not ever be able to receive notifications when client code modifies the collection.</Description>
   <Resolution Name="Default">Change {0} in {1} to use Collection&lt;T&gt;, ReadOnlyCollection&lt;T&gt; or KeyedCollection&lt;K,V&gt;</Resolution>
   <Owner />
   <Url>http://msdn.microsoft.com/library/ms182142.aspx</Url>
   <Email>[none]</Email>
   <MessageLevel Certainty="95">Error</MessageLevel>
   <File Name="designrules.dll" Version="14.0.0.0" />
  </Rule>
  <Rule TypeName="InstantiateArgumentExceptionsCorrectly" Category="Microsoft.Usage" CheckId="CA2208">
   <Name>Instantiate argument exceptions correctly</Name>
   <Description>String arguments passed to constructors of ArgumentException and its derived types should be correct. Types derived from ArgumentException have inconsistent constructor overloads with respect to the message and paramName parameters as compared to ArgumentException.</Description>
   <Resolution Name="IncorrectParameterName">Method {0} passes '{1}' as the {2} argument to a {3} constructor. Replace this argument with one of the method's parameter names. Note that the provided parameter name should have the exact casing as declared on the method.</Resolution>
   <Owner />
   <Url>http://msdn.microsoft.com/library/ms182347.aspx</Url>
   <Email>[none]</Email>
   <MessageLevel Certainty="95">CriticalError</MessageLevel>
   <File Name="usagerules.dll" Version="14.0.0.0" />
  </Rule>
  <Rule TypeName="MarkAssembliesWithClsCompliant" Category="Microsoft.Design" CheckId="CA1014">
   <Name>Mark assemblies with CLSCompliantAttribute</Name>
   <Description>Assemblies should explicitly state their CLS compliance using the CLSCompliant attribute. An assembly without this attribute is not CLS-compliant. Assemblies, modules, and types can be CLS-compliant even if some parts of the assembly, module, or type are not CLS-compliant. The following rules apply: 1) If the element is marked CLSCompliant, any noncompliant members must have the CLSCompliant attribute present with its argument set to false. 2) A comparable CLS-compliant alternative member must be supplied for each member that is not CLS-compliant.</Description>
   <Resolution Name="Default">Mark {0} with CLSCompliant(true) because it exposes externally visible types.</Resolution>
   <Owner />
   <Url>http://msdn.microsoft.com/library/ms182156.aspx</Url>
   <Email>[none]</Email>
   <MessageLevel Certainty="95">Error</MessageLevel>
   <File Name="designrules.dll" Version="14.0.0.0" />
  </Rule>
  <Rule TypeName="MarkMembersAsStatic" Category="Microsoft.Performance" CheckId="CA1822">
   <Name>Mark members as static</Name>
   <Description>Methods which do not access instance data or call instance methods can be marked as static (Shared in Visual Basic). After doing so, the compiler will emit non-virtual call sites to these members which will prevent a check at runtime for each call that ensures the current object pointer is non-null. This can result in a measurable performance gain for performance-sensitive code. In some cases, the failure to access the current object instance represents a correctness issue.</Description>
   <Resolution Name="Default">The 'this' parameter (or 'Me' in Visual Basic) of {0} is never used. Mark the member as static (or Shared in Visual Basic) or use 'this'/'Me' in the method body or at least one property accessor, if appropriate.</Resolution>
   <Owner />
   <Url>http://msdn.microsoft.com/library/ms245046.aspx</Url>
   <Email>[none]</Email>
   <MessageLevel Certainty="95">Warning</MessageLevel>
   <File Name="performancerules.dll" Version="14.0.0.0" />
  </Rule>
  <Rule TypeName="ParameterNamesShouldMatchBaseDeclaration" Category="Microsoft.Naming" CheckId="CA1725">
   <Name>Parameter names should match base declaration</Name>
   <Description>For usability reasons, parameter names in overridden methods should match those of the base declaration.</Description>
   <Resolution Name="Default">In member {0}, change parameter name {1} to {2} in order to match the identifier as it has been declared in {3}.</Resolution>
   <Owner />
   <Url>http://msdn.microsoft.com/library/ms182251.aspx</Url>
   <Email>[none]</Email>
   <MessageLevel Certainty="95">Error</MessageLevel>
   <File Name="namingrules.dll" Version="14.0.0.0" />
  </Rule>
  <Rule TypeName="RemoveUnusedLocals" Category="Microsoft.Performance" CheckId="CA1804">
   <Name>Remove unused locals</Name>
   <Description>Remove locals that are not used or are only assigned to in method implementations.</Description>
   <Resolution Name="Default">{0} declares a variable, {1}, of type {2}, which is never used or is only assigned to. Use this variable or remove it.</Resolution>
   <Owner />
   <Url>http://msdn.microsoft.com/library/ms182278.aspx</Url>
   <Email>[none]</Email>
   <MessageLevel Certainty="95">Warning</MessageLevel>
   <File Name="performancerules.dll" Version="14.0.0.0" />
  </Rule>
  <Rule TypeName="SpecifyIFormatProvider" Category="Microsoft.Globalization" CheckId="CA1305">
   <Name>Specify IFormatProvider</Name>
   <Description>If an overload exists that takes an IFormatProvider argument, it should always be called in favor of an overload that does not. Some methods in the runtime convert a value to or from a string representation and take a string parameter that contains one or more characters, called format specifiers, which indicate how the value is to be converted. If the meaning of the format specifier varies by culture, a formatting object supplies the actual characters used in the string representation. In scenarios where sorting and comparison behavior should never change between cultures, specify CultureInfo.InvariantCulture, otherwise, specify CultureInfo.CurrentCulture.</Description>
   <Resolution Name="IFormatProviderAlternate">Because the behavior of {0} could vary based on the current user's locale settings, replace this call in {1} with a call to {2}. If the result of {2} will be based on input from the user, specify {3} as the 'IFormatProvider' parameter. Otherwise, if the result will based on input stored and accessed by software, such as when it is loaded from disk or from a database, specify {4}.</Resolution>
   <Resolution Name="IFormatProviderAlternateString">Because the behavior of {0} could vary based on the current user's locale settings, replace this call in {1} with a call to {2}. If the result of {2} will be displayed to the user, specify {3} as the 'IFormatProvider' parameter. Otherwise, if the result will be stored and accessed by software, such as when it is persisted to disk or to a database, specify {4}.</Resolution>
   <Owner />
   <Url>http://msdn.microsoft.com/library/ms182190.aspx</Url>
   <Email>[none]</Email>
   <MessageLevel Certainty="95">Error</MessageLevel>
   <File Name="globalizationrules.dll" Version="14.0.0.0" />
  </Rule>
  <Rule TypeName="Validate arguments of public methods" Category="Microsoft.Design" CheckId="CA1062">
   <Name>Validate arguments of public methods</Name>
   <Description>All reference arguments passed to externally visible methods should be checked against null (Nothing in VB). If appropriate, throw a System.ArgumentNullException when the argument is null.</Description>
   <Resolution Name="Default">In externally visible method {0}, validate parameter '{1}' before using it.</Resolution>
   <Owner>RuleOwner</Owner>
   <Url>http://msdn.microsoft.com/library/ms182182.aspx</Url>
   <Email />
   <MessageLevel Certainty="75">Warning</MessageLevel>
   <File Name="dataflowrules.dll" Version="14.0.0.0" />
  </Rule>
 </Rules>
 <Localized>
  <String Key="Category">Category</String>
  <String Key="Certainty">Certainty</String>
  <String Key="CollapseAll">Collapse All</String>
  <String Key="CheckId">Check Id</String>
  <String Key="Error">Error</String>
  <String Key="Errors">error(s)</String>
  <String Key="ExpandAll">Expand All</String>
  <String Key="Help">Help</String>
  <String Key="Line">Line</String>
  <String Key="Messages">message(s)</String>
  <String Key="LocationNotStoredInPdb">[Location not stored in Pdb]</String>
  <String Key="Project">Project</String>
  <String Key="Resolution">Resolution</String>
  <String Key="Rule">Rule</String>
  <String Key="RuleFile">Rule File</String>
  <String Key="RuleDescription">Rule Description</String>
  <String Key="Source">Source</String>
  <String Key="Status">Status</String>
  <String Key="Target">Target</String>
  <String Key="Warning">Warning</String>
  <String Key="Warnings">warning(s)</String>
  <String Key="ReportTitle">Code Analysis Report</String>
 </Localized>
</FxCopReport>
