﻿<?xml version="1.0" encoding="utf-8"?>
<?xml-stylesheet type="text/xsl" href="c:\program files (x86)\microsoft visual studio 14.0\team tools\static analysis tools\fxcop\Xml\CodeAnalysisReport.xsl"?>
<FxCopReport Version="14.0">
 <Namespaces>
  <Namespace Name="Tc.Crm.WebJob.DeallocateResortTeam.Models">
   <Messages>
    <Message Id="Tc" TypeName="IdentifiersShouldBeCasedCorrectly" Category="Microsoft.Naming" CheckId="CA1709" Status="Active" Created="2017-04-24 04:23:36Z" FixCategory="Breaking">
     <Issue Name="Namespace" Certainty="85" Level="Error">Correct the casing of 'Tc' in namespace name 'Tc.Crm.WebJob.DeallocateResortTeam.Models' by changing it to 'TC'.</Issue>
    </Message>
    <Message Id="Deallocate" TypeName="IdentifiersShouldBeSpelledCorrectly" Category="Microsoft.Naming" CheckId="CA1704" Status="Active" Created="2017-04-24 04:23:36Z" FixCategory="Breaking">
     <Issue Name="Namespace" Certainty="75" Level="CriticalWarning">Correct the spelling of 'Deallocate' in namespace name 'Tc.Crm.WebJob.DeallocateResortTeam.Models'.</Issue>
    </Message>
    <Message Id="Tc" TypeName="IdentifiersShouldBeSpelledCorrectly" Category="Microsoft.Naming" CheckId="CA1704" Status="Active" Created="2017-04-24 04:23:36Z" FixCategory="Breaking">
     <Issue Name="Namespace" Certainty="75" Level="CriticalWarning">Correct the spelling of 'Tc' in namespace name 'Tc.Crm.WebJob.DeallocateResortTeam.Models'.</Issue>
    </Message>
   </Messages>
  </Namespace>
  <Namespace Name="Tc.Crm.WebJob.DeallocateResortTeam.Services">
   <Messages>
    <Message Id="Tc" TypeName="IdentifiersShouldBeCasedCorrectly" Category="Microsoft.Naming" CheckId="CA1709" Status="Active" Created="2017-04-24 04:23:36Z" FixCategory="Breaking">
     <Issue Name="Namespace" Certainty="85" Level="Error">Correct the casing of 'Tc' in namespace name 'Tc.Crm.WebJob.DeallocateResortTeam.Services' by changing it to 'TC'.</Issue>
    </Message>
    <Message Id="Deallocate" TypeName="IdentifiersShouldBeSpelledCorrectly" Category="Microsoft.Naming" CheckId="CA1704" Status="Active" Created="2017-04-24 04:23:36Z" FixCategory="Breaking">
     <Issue Name="Namespace" Certainty="75" Level="CriticalWarning">Correct the spelling of 'Deallocate' in namespace name 'Tc.Crm.WebJob.DeallocateResortTeam.Services'.</Issue>
    </Message>
    <Message Id="Tc" TypeName="IdentifiersShouldBeSpelledCorrectly" Category="Microsoft.Naming" CheckId="CA1704" Status="Active" Created="2017-04-24 04:23:36Z" FixCategory="Breaking">
     <Issue Name="Namespace" Certainty="75" Level="CriticalWarning">Correct the spelling of 'Tc' in namespace name 'Tc.Crm.WebJob.DeallocateResortTeam.Services'.</Issue>
    </Message>
   </Messages>
  </Namespace>
 </Namespaces>
 <Targets>
  <Target Name="D:\Deba\Projects\TC\TFS\WS1\ThomasCook\trunk\Main\Source\Tc.Crm.WebJobs\Tc.Crm.WebJob.DeallocateResortTeam\bin\Debug\Tc.Crm.WebJob.DeallocateResortTeam.exe">
   <Modules>
    <Module Name="tc.crm.webjob.deallocateresortteam.exe">
     <Messages>
      <Message TypeName="AssembliesShouldHaveValidStrongNames" Category="Microsoft.Design" CheckId="CA2210" Status="Active" Created="2017-04-24 04:23:36Z" FixCategory="NonBreaking">
       <Issue Name="NoStrongName" Certainty="95" Level="CriticalError">Sign 'Tc.Crm.WebJob.DeallocateResortTeam.exe' with a strong name key.</Issue>
      </Message>
      <Message Id="Tc" TypeName="IdentifiersShouldBeCasedCorrectly" Category="Microsoft.Naming" CheckId="CA1709" Status="Active" Created="2017-04-24 04:23:36Z" FixCategory="Breaking">
       <Issue Name="Assembly" Certainty="85" Level="Error">Correct the casing of 'Tc' in assembly name 'Tc.Crm.WebJob.DeallocateResortTeam.exe' by changing it to 'TC'.</Issue>
      </Message>
      <Message Id="Deallocate" TypeName="IdentifiersShouldBeSpelledCorrectly" Category="Microsoft.Naming" CheckId="CA1704" Status="Active" Created="2017-04-24 04:23:36Z" FixCategory="Breaking">
       <Issue Name="Assembly" Certainty="75" Level="CriticalWarning">Correct the spelling of 'Deallocate' in assembly name 'Tc.Crm.WebJob.DeallocateResortTeam.exe'.</Issue>
      </Message>
      <Message Id="Tc" TypeName="IdentifiersShouldBeSpelledCorrectly" Category="Microsoft.Naming" CheckId="CA1704" Status="Active" Created="2017-04-24 04:23:36Z" FixCategory="Breaking">
       <Issue Name="Assembly" Certainty="75" Level="CriticalWarning">Correct the spelling of 'Tc' in assembly name 'Tc.Crm.WebJob.DeallocateResortTeam.exe'.</Issue>
      </Message>
      <Message TypeName="MarkAssembliesWithClsCompliant" Category="Microsoft.Design" CheckId="CA1014" Status="Active" Created="2017-04-24 04:23:36Z" FixCategory="NonBreaking">
       <Issue Certainty="95" Level="Error">Mark 'Tc.Crm.WebJob.DeallocateResortTeam.exe' with CLSCompliant(true) because it exposes externally visible types.</Issue>
      </Message>
     </Messages>
     <Namespaces>
      <Namespace Name="Tc.Crm.WebJob.DeallocateResortTeam">
       <Types>
        <Type Name="Program" Kind="Class" Accessibility="Assembly" ExternallyVisible="False">
         <Members>
          <Member Name="#Main(System.String[])" Kind="Method" Static="True" Accessibility="Private" ExternallyVisible="False">
           <Messages>
            <Message TypeName="Dispose objects before losing scope" Category="Microsoft.Reliability" CheckId="CA2000" Status="Active" Created="2017-04-24 04:23:36Z" FixCategory="DependsOnFix">
             <Issue Name="NonExceptionEdge" Certainty="75" Level="Warning" Path="D:\Deba\Projects\TC\TFS\WS1\ThomasCook\trunk\Main\Source\Tc.Crm.WebJobs\Tc.Crm.WebJob.DeallocateResortTeam" File="Program.cs" Line="18">In method 'Program.Main(string[])', call System.IDisposable.Dispose on object 'new ContainerControlledLifetimeManager()' before all references to it are out of scope.</Issue>
             <Issue Name="NonExceptionEdge" Certainty="75" Level="Warning" Path="D:\Deba\Projects\TC\TFS\WS1\ThomasCook\trunk\Main\Source\Tc.Crm.WebJobs\Tc.Crm.WebJob.DeallocateResortTeam" File="Program.cs" Line="19">In method 'Program.Main(string[])', call System.IDisposable.Dispose on object 'new ContainerControlledLifetimeManager()' before all references to it are out of scope.</Issue>
             <Issue Name="NonExceptionEdge" Certainty="75" Level="Warning" Path="D:\Deba\Projects\TC\TFS\WS1\ThomasCook\trunk\Main\Source\Tc.Crm.WebJobs\Tc.Crm.WebJob.DeallocateResortTeam" File="Program.cs" Line="20">In method 'Program.Main(string[])', call System.IDisposable.Dispose on object 'new ContainerControlledLifetimeManager()' before all references to it are out of scope.</Issue>
             <Issue Name="NonExceptionEdge" Certainty="75" Level="Warning" Path="D:\Deba\Projects\TC\TFS\WS1\ThomasCook\trunk\Main\Source\Tc.Crm.WebJobs\Tc.Crm.WebJob.DeallocateResortTeam" File="Program.cs" Line="21">In method 'Program.Main(string[])', call System.IDisposable.Dispose on object 'new ContainerControlledLifetimeManager()' before all references to it are out of scope.</Issue>
             <Issue Name="NonExceptionEdge" Certainty="75" Level="Warning" Path="D:\Deba\Projects\TC\TFS\WS1\ThomasCook\trunk\Main\Source\Tc.Crm.WebJobs\Tc.Crm.WebJob.DeallocateResortTeam" File="Program.cs" Line="22">In method 'Program.Main(string[])', call System.IDisposable.Dispose on object 'new ContainerControlledLifetimeManager()' before all references to it are out of scope.</Issue>
             <Issue Name="NonExceptionEdge" Certainty="75" Level="Warning" Path="D:\Deba\Projects\TC\TFS\WS1\ThomasCook\trunk\Main\Source\Tc.Crm.WebJobs\Tc.Crm.WebJob.DeallocateResortTeam" File="Program.cs" Line="17">In method 'Program.Main(string[])', call System.IDisposable.Dispose on object 'unitycontainer' before all references to it are out of scope.</Issue>
            </Message>
            <Message Id="Tc.Crm.Common.Services.ILogger.LogInformation(System.String)" TypeName="Do not pass literals as localized parameters" Category="Microsoft.Globalization" CheckId="CA1303" Status="Active" Created="2017-04-24 04:23:36Z" FixCategory="DependsOnFix">
             <Issue Name="KnownValue" Certainty="75" Level="Warning" Path="D:\Deba\Projects\TC\TFS\WS1\ThomasCook\trunk\Main\Source\Tc.Crm.WebJobs\Tc.Crm.WebJob.DeallocateResortTeam" File="Program.cs" Line="27">Method 'Program.Main(string[])' passes a literal string as parameter 'message' of a call to 'ILogger.LogInformation(string)'. Retrieve the following string(s) from a resource table instead: "Tc.Crm.WebJob.DeallocateResortTeam Job Starts".</Issue>
             <Issue Name="KnownValue" Certainty="75" Level="Warning" Path="D:\Deba\Projects\TC\TFS\WS1\ThomasCook\trunk\Main\Source\Tc.Crm.WebJobs\Tc.Crm.WebJob.DeallocateResortTeam" File="Program.cs" Line="29">Method 'Program.Main(string[])' passes a literal string as parameter 'message' of a call to 'ILogger.LogInformation(string)'. Retrieve the following string(s) from a resource table instead: "\r\n\r\nTc.Crm.WebJob.DeallocateResortTeam Job End".</Issue>
            </Message>
            <Message Id="DeallocateResortTeam" TypeName="Literals should be spelled correctly" Category="Microsoft.Naming" CheckId="CA2204" Status="Active" Created="2017-04-24 04:23:36Z" FixCategory="DependsOnFix">
             <Issue Certainty="75" Level="Warning" Path="D:\Deba\Projects\TC\TFS\WS1\ThomasCook\trunk\Main\Source\Tc.Crm.WebJobs\Tc.Crm.WebJob.DeallocateResortTeam" File="Program.cs" Line="27">Correct the spelling of the unrecognized token 'DeallocateResortTeam' in the literal '"Tc.Crm.WebJob.DeallocateResortTeam Job Starts"'.</Issue>
             <Issue Certainty="75" Level="Warning" Path="D:\Deba\Projects\TC\TFS\WS1\ThomasCook\trunk\Main\Source\Tc.Crm.WebJobs\Tc.Crm.WebJob.DeallocateResortTeam" File="Program.cs" Line="29">Correct the spelling of the unrecognized token 'DeallocateResortTeam' in the literal '"\r\n\r\nTc.Crm.WebJob.DeallocateResortTeam Job End"'.</Issue>
            </Message>
            <Message Id="Tc" TypeName="Literals should be spelled correctly" Category="Microsoft.Naming" CheckId="CA2204" Status="Active" Created="2017-04-24 04:23:36Z" FixCategory="DependsOnFix">
             <Issue Certainty="75" Level="Warning" Path="D:\Deba\Projects\TC\TFS\WS1\ThomasCook\trunk\Main\Source\Tc.Crm.WebJobs\Tc.Crm.WebJob.DeallocateResortTeam" File="Program.cs" Line="27">Correct the spelling of the unrecognized token 'Tc' in the literal '"Tc.Crm.WebJob.DeallocateResortTeam Job Starts"'.</Issue>
             <Issue Certainty="75" Level="Warning" Path="D:\Deba\Projects\TC\TFS\WS1\ThomasCook\trunk\Main\Source\Tc.Crm.WebJobs\Tc.Crm.WebJob.DeallocateResortTeam" File="Program.cs" Line="29">Correct the spelling of the unrecognized token 'Tc' in the literal '"\r\n\r\nTc.Crm.WebJob.DeallocateResortTeam Job End"'.</Issue>
            </Message>
            <Message Id="WebJob" TypeName="Literals should be spelled correctly" Category="Microsoft.Naming" CheckId="CA2204" Status="Active" Created="2017-04-24 04:23:36Z" FixCategory="DependsOnFix">
             <Issue Certainty="75" Level="Warning" Path="D:\Deba\Projects\TC\TFS\WS1\ThomasCook\trunk\Main\Source\Tc.Crm.WebJobs\Tc.Crm.WebJob.DeallocateResortTeam" File="Program.cs" Line="27">Correct the spelling of the unrecognized token 'WebJob' in the literal '"Tc.Crm.WebJob.DeallocateResortTeam Job Starts"'.</Issue>
             <Issue Certainty="75" Level="Warning" Path="D:\Deba\Projects\TC\TFS\WS1\ThomasCook\trunk\Main\Source\Tc.Crm.WebJobs\Tc.Crm.WebJob.DeallocateResortTeam" File="Program.cs" Line="29">Correct the spelling of the unrecognized token 'WebJob' in the literal '"\r\n\r\nTc.Crm.WebJob.DeallocateResortTeam Job End"'.</Issue>
            </Message>
            <Message Id="args" TypeName="ReviewUnusedParameters" Category="Microsoft.Usage" CheckId="CA1801" Status="Active" Created="2017-04-24 04:23:36Z" FixCategory="NonBreaking">
             <Issue Certainty="95" Level="Warning" Path="D:\Deba\Projects\TC\TFS\WS1\ThomasCook\trunk\Main\Source\Tc.Crm.WebJobs\Tc.Crm.WebJob.DeallocateResortTeam" File="Program.cs" Line="12">Parameter 'args' of 'Program.Main(string[])' is never used. Remove the parameter or use it in the method body.</Issue>
            </Message>
           </Messages>
          </Member>
         </Members>
        </Type>
       </Types>
      </Namespace>
      <Namespace Name="Tc.Crm.WebJob.DeallocateResortTeam.Models">
       <Types>
        <Type Name="DeallocationExecutionRequest" Kind="Class" Accessibility="Public" ExternallyVisible="True">
         <Messages>
          <Message Id="Deallocation" TypeName="IdentifiersShouldBeSpelledCorrectly" Category="Microsoft.Naming" CheckId="CA1704" Status="Active" Created="2017-04-24 04:23:36Z" FixCategory="Breaking">
           <Issue Name="Type" Certainty="75" Level="CriticalWarning">Correct the spelling of 'Deallocation' in type name 'DeallocationExecutionRequest'.</Issue>
          </Message>
         </Messages>
         <Members>
          <Member Name="#Bookings" Kind="Property" Static="False" Accessibility="Public" ExternallyVisible="True">
           <Messages>
            <Message TypeName="CollectionPropertiesShouldBeReadOnly" Category="Microsoft.Usage" CheckId="CA2227" Status="Active" Created="2017-04-24 04:23:36Z" FixCategory="Breaking">
             <Issue Certainty="75" Level="Warning" Path="D:\Deba\Projects\TC\TFS\WS1\ThomasCook\trunk\Main\Source\Tc.Crm.WebJobs\Tc.Crm.WebJob.DeallocateResortTeam\Models" File="DeallocationExecutionRequest.cs" Line="8">Change 'DeallocationExecutionRequest.Bookings' to be read-only by removing the property setter.</Issue>
            </Message>
           </Messages>
          </Member>
          <Member Name="#Cases" Kind="Property" Static="False" Accessibility="Public" ExternallyVisible="True">
           <Messages>
            <Message TypeName="CollectionPropertiesShouldBeReadOnly" Category="Microsoft.Usage" CheckId="CA2227" Status="Active" Created="2017-04-24 04:23:36Z" FixCategory="Breaking">
             <Issue Certainty="75" Level="Warning" Path="D:\Deba\Projects\TC\TFS\WS1\ThomasCook\trunk\Main\Source\Tc.Crm.WebJobs\Tc.Crm.WebJob.DeallocateResortTeam\Models" File="DeallocationExecutionRequest.cs" Line="10">Change 'DeallocationExecutionRequest.Cases' to be read-only by removing the property setter.</Issue>
            </Message>
           </Messages>
          </Member>
          <Member Name="#Customers" Kind="Property" Static="False" Accessibility="Public" ExternallyVisible="True">
           <Messages>
            <Message TypeName="CollectionPropertiesShouldBeReadOnly" Category="Microsoft.Usage" CheckId="CA2227" Status="Active" Created="2017-04-24 04:23:36Z" FixCategory="Breaking">
             <Issue Certainty="75" Level="Warning" Path="D:\Deba\Projects\TC\TFS\WS1\ThomasCook\trunk\Main\Source\Tc.Crm.WebJobs\Tc.Crm.WebJob.DeallocateResortTeam\Models" File="DeallocationExecutionRequest.cs" Line="9">Change 'DeallocationExecutionRequest.Customers' to be read-only by removing the property setter.</Issue>
            </Message>
           </Messages>
          </Member>
         </Members>
        </Type>
        <Type Name="DeallocationRequest" Kind="Class" Accessibility="Public" ExternallyVisible="True">
         <Messages>
          <Message Id="Deallocation" TypeName="IdentifiersShouldBeSpelledCorrectly" Category="Microsoft.Naming" CheckId="CA1704" Status="Active" Created="2017-04-24 04:23:36Z" FixCategory="Breaking">
           <Issue Name="Type" Certainty="75" Level="CriticalWarning">Correct the spelling of 'Deallocation' in type name 'DeallocationRequest'.</Issue>
          </Message>
         </Messages>
         <Members>
          <Member Name="#Destination" Kind="Property" Static="False" Accessibility="Public" ExternallyVisible="True">
           <Messages>
            <Message TypeName="CollectionPropertiesShouldBeReadOnly" Category="Microsoft.Usage" CheckId="CA2227" Status="Active" Created="2017-04-24 04:23:36Z" FixCategory="Breaking">
             <Issue Certainty="75" Level="Warning" Path="D:\Deba\Projects\TC\TFS\WS1\ThomasCook\trunk\Main\Source\Tc.Crm.WebJobs\Tc.Crm.WebJob.DeallocateResortTeam\Models" File="DeallocationRequest.cs" Line="9">Change 'DeallocationRequest.Destination' to be read-only by removing the property setter.</Issue>
            </Message>
           </Messages>
          </Member>
         </Members>
        </Type>
       </Types>
      </Namespace>
      <Namespace Name="Tc.Crm.WebJob.DeallocateResortTeam.Services">
       <Types>
        <Type Name="DeallocateBookingService" Kind="Class" Accessibility="Public" ExternallyVisible="True">
         <Messages>
          <Message Id="Deallocate" TypeName="IdentifiersShouldBeSpelledCorrectly" Category="Microsoft.Naming" CheckId="CA1704" Status="Active" Created="2017-04-24 04:23:36Z" FixCategory="Breaking">
           <Issue Name="Type" Certainty="75" Level="CriticalWarning">Correct the spelling of 'Deallocate' in type name 'DeallocateBookingService'.</Issue>
          </Message>
         </Messages>
         <Members>
          <Member Name="#.ctor(Tc.Crm.Common.Services.ILogger,Tc.Crm.WebJob.DeallocateResortTeam.Services.IDeallocationService,Tc.Crm.Common.Services.IConfigurationService)" Kind="Method" Static="False" Accessibility="Public" ExternallyVisible="True">
           <Messages>
            <Message Id="deallocation" TypeName="IdentifiersShouldBeSpelledCorrectly" Category="Microsoft.Naming" CheckId="CA1704" Status="Active" Created="2017-04-24 04:23:36Z" FixCategory="Breaking">
             <Issue Name="MemberParameter" Certainty="75" Level="CriticalWarning" Path="D:\Deba\Projects\TC\TFS\WS1\ThomasCook\trunk\Main\Source\Tc.Crm.WebJobs\Tc.Crm.WebJob.DeallocateResortTeam\Services" File="DeallocateBookingService.cs" Line="86">In method 'DeallocateBookingService.DeallocateBookingService(ILogger, IDeallocationService, IConfigurationService)', correct the spelling of 'deallocation' in parameter name 'deallocationService' or remove it entirely if it represents any sort of Hungarian notation.</Issue>
            </Message>
           </Messages>
          </Member>
          <Member Name="#DeallocateBookings()" Kind="Method" Static="False" Accessibility="Private" ExternallyVisible="False">
           <Messages>
            <Message Id="Tc.Crm.Common.Services.ILogger.LogInformation(System.String)" TypeName="Do not pass literals as localized parameters" Category="Microsoft.Globalization" CheckId="CA1303" Status="Active" Created="2017-04-24 04:23:36Z" FixCategory="DependsOnFix">
             <Issue Name="KnownValue" Certainty="75" Level="Warning" Path="D:\Deba\Projects\TC\TFS\WS1\ThomasCook\trunk\Main\Source\Tc.Crm.WebJobs\Tc.Crm.WebJob.DeallocateResortTeam\Services" File="DeallocateBookingService.cs" Line="36">Method 'DeallocateBookingService.DeallocateBookings()' passes a literal string as parameter 'message' of a call to 'ILogger.LogInformation(string)'. Retrieve the following string(s) from a resource table instead: "Executing DeallocateBookings".</Issue>
             <Issue Name="KnownValue" Certainty="75" Level="Warning" Path="D:\Deba\Projects\TC\TFS\WS1\ThomasCook\trunk\Main\Source\Tc.Crm.WebJobs\Tc.Crm.WebJob.DeallocateResortTeam\Services" File="DeallocateBookingService.cs" Line="62">Method 'DeallocateBookingService.DeallocateBookings()' passes a literal string as parameter 'message' of a call to 'ILogger.LogInformation(string)'. Retrieve the following string(s) from a resource table instead: "Finished DeallocateBookings".</Issue>
             <Issue Name="KnownValue" Certainty="75" Level="Warning" Path="D:\Deba\Projects\TC\TFS\WS1\ThomasCook\trunk\Main\Source\Tc.Crm.WebJobs\Tc.Crm.WebJob.DeallocateResortTeam\Services" File="DeallocateBookingService.cs" Line="59">Method 'DeallocateBookingService.DeallocateBookings()' passes a literal string as parameter 'message' of a call to 'ILogger.LogInformation(string)'. Retrieve the following string(s) from a resource table instead: "Found ,  Bookings, ,  Customers, ,  Cases to process".</Issue>
             <Issue Name="KnownValue" Certainty="75" Level="Warning" Path="D:\Deba\Projects\TC\TFS\WS1\ThomasCook\trunk\Main\Source\Tc.Crm.WebJobs\Tc.Crm.WebJob.DeallocateResortTeam\Services" File="DeallocateBookingService.cs" Line="45">Method 'DeallocateBookingService.DeallocateBookings()' passes a literal string as parameter 'message' of a call to 'ILogger.LogInformation(string)'. Retrieve the following string(s) from a resource table instead: "Processing for ,  Destination Gateways".</Issue>
            </Message>
            <Message Id="Tc.Crm.Common.Services.ILogger.LogWarning(System.String)" TypeName="Do not pass literals as localized parameters" Category="Microsoft.Globalization" CheckId="CA1303" Status="Active" Created="2017-04-24 04:23:36Z" FixCategory="DependsOnFix">
             <Issue Name="KnownValue" Certainty="75" Level="Warning" Path="D:\Deba\Projects\TC\TFS\WS1\ThomasCook\trunk\Main\Source\Tc.Crm.WebJobs\Tc.Crm.WebJob.DeallocateResortTeam\Services" File="DeallocateBookingService.cs" Line="41">Method 'DeallocateBookingService.DeallocateBookings()' passes a literal string as parameter 'message' of a call to 'ILogger.LogWarning(string)'. Retrieve the following string(s) from a resource table instead: "No Gateways found to process".</Issue>
             <Issue Name="KnownValue" Certainty="75" Level="Warning" Path="D:\Deba\Projects\TC\TFS\WS1\ThomasCook\trunk\Main\Source\Tc.Crm.WebJobs\Tc.Crm.WebJob.DeallocateResortTeam\Services" File="DeallocateBookingService.cs" Line="56">Method 'DeallocateBookingService.DeallocateBookings()' passes a literal string as parameter 'message' of a call to 'ILogger.LogWarning(string)'. Retrieve the following string(s) from a resource table instead: "No booking records found to process in CRM for the schedule.".</Issue>
            </Message>
            <Message Id="DeallocateBookings" TypeName="Literals should be spelled correctly" Category="Microsoft.Naming" CheckId="CA2204" Status="Active" Created="2017-04-24 04:23:36Z" FixCategory="DependsOnFix">
             <Issue Certainty="75" Level="Warning" Path="D:\Deba\Projects\TC\TFS\WS1\ThomasCook\trunk\Main\Source\Tc.Crm.WebJobs\Tc.Crm.WebJob.DeallocateResortTeam\Services" File="DeallocateBookingService.cs" Line="36">Correct the spelling of the unrecognized token 'DeallocateBookings' in the literal '"Executing DeallocateBookings"'.</Issue>
             <Issue Certainty="75" Level="Warning" Path="D:\Deba\Projects\TC\TFS\WS1\ThomasCook\trunk\Main\Source\Tc.Crm.WebJobs\Tc.Crm.WebJob.DeallocateResortTeam\Services" File="DeallocateBookingService.cs" Line="62">Correct the spelling of the unrecognized token 'DeallocateBookings' in the literal '"Finished DeallocateBookings"'.</Issue>
            </Message>
            <Message Id="System.Int32.ToString" TypeName="SpecifyIFormatProvider" Category="Microsoft.Globalization" CheckId="CA1305" Status="Active" Created="2017-04-24 04:23:36Z" FixCategory="NonBreaking">
             <Issue Name="IFormatProviderAlternateString" Certainty="95" Level="Error" Path="D:\Deba\Projects\TC\TFS\WS1\ThomasCook\trunk\Main\Source\Tc.Crm.WebJobs\Tc.Crm.WebJob.DeallocateResortTeam\Services" File="DeallocateBookingService.cs" Line="45">Because the behavior of 'int.ToString()' could vary based on the current user's locale settings, replace this call in 'DeallocateBookingService.DeallocateBookings()' with a call to 'int.ToString(IFormatProvider)'. If the result of 'int.ToString(IFormatProvider)' will be displayed to the user, specify 'CultureInfo.CurrentCulture' as the 'IFormatProvider' parameter. Otherwise, if the result will be stored and accessed by software, such as when it is persisted to disk or to a database, specify 'CultureInfo.InvariantCulture'.</Issue>
            </Message>
            <Message Id="System.String.Format(System.String,System.Object,System.Object,System.Object)" TypeName="SpecifyIFormatProvider" Category="Microsoft.Globalization" CheckId="CA1305" Status="Active" Created="2017-04-24 04:23:36Z" FixCategory="NonBreaking">
             <Issue Name="IFormatProviderAlternateString" Certainty="95" Level="Error" Path="D:\Deba\Projects\TC\TFS\WS1\ThomasCook\trunk\Main\Source\Tc.Crm.WebJobs\Tc.Crm.WebJob.DeallocateResortTeam\Services" File="DeallocateBookingService.cs" Line="59">Because the behavior of 'string.Format(string, object, object, object)' could vary based on the current user's locale settings, replace this call in 'DeallocateBookingService.DeallocateBookings()' with a call to 'string.Format(IFormatProvider, string, params object[])'. If the result of 'string.Format(IFormatProvider, string, params object[])' will be displayed to the user, specify 'CultureInfo.CurrentCulture' as the 'IFormatProvider' parameter. Otherwise, if the result will be stored and accessed by software, such as when it is persisted to disk or to a database, specify 'CultureInfo.InvariantCulture'.</Issue>
            </Message>
           </Messages>
          </Member>
          <Member Name="#DisposeObject(System.Object)" Kind="Method" Static="False" Accessibility="Private" ExternallyVisible="False">
           <Messages>
            <Message TypeName="DoNotCastUnnecessarily" Category="Microsoft.Performance" CheckId="CA1800" Status="Active" Created="2017-04-24 04:23:36Z" FixCategory="NonBreaking">
             <Issue Name="Parameter" Certainty="95" Level="Warning" Path="D:\Deba\Projects\TC\TFS\WS1\ThomasCook\trunk\Main\Source\Tc.Crm.WebJobs\Tc.Crm.WebJob.DeallocateResortTeam\Services" File="DeallocateBookingService.cs" Line="105">'obj', a parameter, is cast to type 'IDisposable' multiple times in method 'DeallocateBookingService.DisposeObject(object)'. Cache the result of the 'as' operator or direct cast in order to eliminate the redundant castclass instruction.</Issue>
            </Message>
            <Message TypeName="MarkMembersAsStatic" Category="Microsoft.Performance" CheckId="CA1822" Status="Active" Created="2017-04-24 04:23:36Z" FixCategory="NonBreaking">
             <Issue Certainty="95" Level="Warning" Path="D:\Deba\Projects\TC\TFS\WS1\ThomasCook\trunk\Main\Source\Tc.Crm.WebJobs\Tc.Crm.WebJob.DeallocateResortTeam\Services" File="DeallocateBookingService.cs" Line="101">The 'this' parameter (or 'Me' in Visual Basic) of 'DeallocateBookingService.DisposeObject(object)' is never used. Mark the member as static (or Shared in Visual Basic) or use 'this'/'Me' in the method body or at least one property accessor, if appropriate.</Issue>
            </Message>
           </Messages>
          </Member>
         </Members>
        </Type>
        <Type Name="DeallocationService" Kind="Class" Accessibility="Public" ExternallyVisible="True">
         <Messages>
          <Message Id="Deallocation" TypeName="IdentifiersShouldBeSpelledCorrectly" Category="Microsoft.Naming" CheckId="CA1704" Status="Active" Created="2017-04-24 04:23:36Z" FixCategory="Breaking">
           <Issue Name="Type" Certainty="75" Level="CriticalWarning">Correct the spelling of 'Deallocation' in type name 'DeallocationService'.</Issue>
          </Message>
         </Messages>
         <Members>
          <Member Name="#ConvertCrmResponse(Microsoft.Xrm.Sdk.EntityCollection)" Kind="Method" Static="False" Accessibility="Private" ExternallyVisible="False">
           <Messages>
            <Message TypeName="MarkMembersAsStatic" Category="Microsoft.Performance" CheckId="CA1822" Status="Active" Created="2017-04-24 04:23:36Z" FixCategory="NonBreaking">
             <Issue Certainty="95" Level="Warning" Path="D:\Deba\Projects\TC\TFS\WS1\ThomasCook\trunk\Main\Source\Tc.Crm.WebJobs\Tc.Crm.WebJob.DeallocateResortTeam\Services" File="DeallocationService.cs" Line="132">The 'this' parameter (or 'Me' in Visual Basic) of 'DeallocationService.ConvertCrmResponse(EntityCollection)' is never used. Mark the member as static (or Shared in Visual Basic) or use 'this'/'Me' in the method body or at least one property accessor, if appropriate.</Issue>
            </Message>
            <Message Id="System.String.Equals(System.String,System.StringComparison)" TypeName="UseOrdinalStringComparison" Category="Microsoft.Globalization" CheckId="CA1309" Status="Active" Created="2017-04-24 04:23:36Z" FixCategory="NonBreaking">
             <Issue Name="StringComparison" Certainty="75" Level="Error" Path="D:\Deba\Projects\TC\TFS\WS1\ThomasCook\trunk\Main\Source\Tc.Crm.WebJobs\Tc.Crm.WebJob.DeallocateResortTeam\Services" File="DeallocationService.cs" Line="187">'DeallocationService.ConvertCrmResponse(EntityCollection)' passes 'StringComparison.InvariantCultureIgnoreCase' as the 'StringComparison' parameter to 'string.Equals(string, StringComparison)'. To perform a non-linguistic comparison, specify 'StringComparison.Ordinal' or 'StringComparison.OrdinalIgnoreCase' instead.</Issue>
            </Message>
           </Messages>
          </Member>
          <Member Name="#CreateUpdateRequests(System.Collections.ObjectModel.Collection`1&lt;Microsoft.Xrm.Sdk.Entity&gt;,System.Collections.Generic.IEnumerable`1&lt;Tc.Crm.Common.Models.EntityModel&gt;)" Kind="Method" Static="False" Accessibility="Private" ExternallyVisible="False">
           <Messages>
            <Message TypeName="DoNotCastUnnecessarily" Category="Microsoft.Performance" CheckId="CA1800" Status="Active" Created="2017-04-24 04:23:36Z" FixCategory="NonBreaking">
             <Issue Name="Local" Certainty="95" Level="Warning" Path="D:\Deba\Projects\TC\TFS\WS1\ThomasCook\trunk\Main\Source\Tc.Crm.WebJobs\Tc.Crm.WebJob.DeallocateResortTeam\Services" File="DeallocationService.cs" Line="218">'entity', a variable, is cast to type 'Case' multiple times in method 'DeallocationService.CreateUpdateRequests(Collection&lt;Entity&gt;, IEnumerable&lt;EntityModel&gt;)'. Cache the result of the 'as' operator or direct cast in order to eliminate the redundant castclass instruction.</Issue>
             <Issue Name="Local" Certainty="95" Level="Warning" Path="D:\Deba\Projects\TC\TFS\WS1\ThomasCook\trunk\Main\Source\Tc.Crm.WebJobs\Tc.Crm.WebJob.DeallocateResortTeam\Services" File="DeallocationService.cs" Line="220">'entity', a variable, is cast to type 'Case' multiple times in method 'DeallocationService.CreateUpdateRequests(Collection&lt;Entity&gt;, IEnumerable&lt;EntityModel&gt;)'. Cache the result of the 'as' operator or direct cast in order to eliminate the redundant castclass instruction.</Issue>
            </Message>
            <Message TypeName="MarkMembersAsStatic" Category="Microsoft.Performance" CheckId="CA1822" Status="Active" Created="2017-04-24 04:23:36Z" FixCategory="NonBreaking">
             <Issue Certainty="95" Level="Warning" Path="D:\Deba\Projects\TC\TFS\WS1\ThomasCook\trunk\Main\Source\Tc.Crm.WebJobs\Tc.Crm.WebJob.DeallocateResortTeam\Services" File="DeallocationService.cs" Line="210">The 'this' parameter (or 'Me' in Visual Basic) of 'DeallocationService.CreateUpdateRequests(Collection&lt;Entity&gt;, IEnumerable&lt;EntityModel&gt;)' is never used. Mark the member as static (or Shared in Visual Basic) or use 'this'/'Me' in the method body or at least one property accessor, if appropriate.</Issue>
            </Message>
           </Messages>
          </Member>
          <Member Name="#DeallocateEntities(Tc.Crm.WebJob.DeallocateResortTeam.Models.DeallocationExecutionRequest)" Kind="Method" Static="False" Accessibility="Public" ExternallyVisible="True">
           <Messages>
            <Message Id="0" TypeName="Validate arguments of public methods" Category="Microsoft.Design" CheckId="CA1062" Status="Active" Created="2017-04-24 04:23:36Z" FixCategory="DependsOnFix">
             <Issue Certainty="75" Level="Warning" Path="D:\Deba\Projects\TC\TFS\WS1\ThomasCook\trunk\Main\Source\Tc.Crm.WebJobs\Tc.Crm.WebJob.DeallocateResortTeam\Services" File="DeallocationService.cs" Line="105">In externally visible method 'DeallocationService.DeallocateEntities(DeallocationExecutionRequest)', validate parameter 'request' before using it.</Issue>
            </Message>
           </Messages>
          </Member>
          <Member Name="#DisposeObject(System.Object)" Kind="Method" Static="False" Accessibility="Private" ExternallyVisible="False">
           <Messages>
            <Message TypeName="DoNotCastUnnecessarily" Category="Microsoft.Performance" CheckId="CA1800" Status="Active" Created="2017-04-24 04:23:36Z" FixCategory="NonBreaking">
             <Issue Name="Parameter" Certainty="95" Level="Warning" Path="D:\Deba\Projects\TC\TFS\WS1\ThomasCook\trunk\Main\Source\Tc.Crm.WebJobs\Tc.Crm.WebJob.DeallocateResortTeam\Services" File="DeallocationService.cs" Line="267">'obj', a parameter, is cast to type 'IDisposable' multiple times in method 'DeallocationService.DisposeObject(object)'. Cache the result of the 'as' operator or direct cast in order to eliminate the redundant castclass instruction.</Issue>
            </Message>
            <Message TypeName="MarkMembersAsStatic" Category="Microsoft.Performance" CheckId="CA1822" Status="Active" Created="2017-04-24 04:23:36Z" FixCategory="NonBreaking">
             <Issue Certainty="95" Level="Warning" Path="D:\Deba\Projects\TC\TFS\WS1\ThomasCook\trunk\Main\Source\Tc.Crm.WebJobs\Tc.Crm.WebJob.DeallocateResortTeam\Services" File="DeallocationService.cs" Line="263">The 'this' parameter (or 'Me' in Visual Basic) of 'DeallocationService.DisposeObject(object)' is never used. Mark the member as static (or Shared in Visual Basic) or use 'this'/'Me' in the method body or at least one property accessor, if appropriate.</Issue>
            </Message>
           </Messages>
          </Member>
          <Member Name="#FetchBookingsForDeallocation(Tc.Crm.WebJob.DeallocateResortTeam.Models.DeallocationRequest)" Kind="Method" Static="False" Accessibility="Public" ExternallyVisible="True">
           <Messages>
            <Message Id="System.DateTime.ToString(System.String)" TypeName="SpecifyIFormatProvider" Category="Microsoft.Globalization" CheckId="CA1305" Status="Active" Created="2017-04-24 04:23:36Z" FixCategory="NonBreaking">
             <Issue Name="IFormatProviderAlternateString" Certainty="95" Level="Error" Path="D:\Deba\Projects\TC\TFS\WS1\ThomasCook\trunk\Main\Source\Tc.Crm.WebJobs\Tc.Crm.WebJob.DeallocateResortTeam\Services" File="DeallocationService.cs" Line="43">Because the behavior of 'DateTime.ToString(string)' could vary based on the current user's locale settings, replace this call in 'DeallocationService.FetchBookingsForDeallocation(DeallocationRequest)' with a call to 'DateTime.ToString(string, IFormatProvider)'. If the result of 'DateTime.ToString(string, IFormatProvider)' will be displayed to the user, specify 'CultureInfo.CurrentCulture' as the 'IFormatProvider' parameter. Otherwise, if the result will be stored and accessed by software, such as when it is persisted to disk or to a database, specify 'CultureInfo.InvariantCulture'.</Issue>
            </Message>
            <Message Id="System.String.Format(System.String,System.Object[])" TypeName="SpecifyIFormatProvider" Category="Microsoft.Globalization" CheckId="CA1305" Status="Active" Created="2017-04-24 04:23:36Z" FixCategory="NonBreaking">
             <Issue Name="IFormatProviderAlternateString" Certainty="95" Level="Error" Path="D:\Deba\Projects\TC\TFS\WS1\ThomasCook\trunk\Main\Source\Tc.Crm.WebJobs\Tc.Crm.WebJob.DeallocateResortTeam\Services" File="DeallocationService.cs" Line="43">Because the behavior of 'string.Format(string, params object[])' could vary based on the current user's locale settings, replace this call in 'DeallocationService.FetchBookingsForDeallocation(DeallocationRequest)' with a call to 'string.Format(IFormatProvider, string, params object[])'. If the result of 'string.Format(IFormatProvider, string, params object[])' will be displayed to the user, specify 'CultureInfo.CurrentCulture' as the 'IFormatProvider' parameter. Otherwise, if the result will be stored and accessed by software, such as when it is persisted to disk or to a database, specify 'CultureInfo.InvariantCulture'.</Issue>
            </Message>
           </Messages>
          </Member>
          <Member Name="#GetGatewaysFilter(System.Collections.Generic.IEnumerable`1&lt;System.Guid&gt;)" Kind="Method" Static="False" Accessibility="Private" ExternallyVisible="False">
           <Messages>
            <Message TypeName="MarkMembersAsStatic" Category="Microsoft.Performance" CheckId="CA1822" Status="Active" Created="2017-04-24 04:23:36Z" FixCategory="NonBreaking">
             <Issue Certainty="95" Level="Warning" Path="D:\Deba\Projects\TC\TFS\WS1\ThomasCook\trunk\Main\Source\Tc.Crm.WebJobs\Tc.Crm.WebJob.DeallocateResortTeam\Services" File="DeallocationService.cs" Line="116">The 'this' parameter (or 'Me' in Visual Basic) of 'DeallocationService.GetGatewaysFilter(IEnumerable&lt;Guid&gt;)' is never used. Mark the member as static (or Shared in Visual Basic) or use 'this'/'Me' in the method body or at least one property accessor, if appropriate.</Issue>
            </Message>
           </Messages>
          </Member>
         </Members>
        </Type>
        <Type Name="IDeallocationService" Kind="Interface" Accessibility="Public" ExternallyVisible="True">
         <Messages>
          <Message Id="Deallocation" TypeName="IdentifiersShouldBeSpelledCorrectly" Category="Microsoft.Naming" CheckId="CA1704" Status="Active" Created="2017-04-24 04:23:36Z" FixCategory="Breaking">
           <Issue Name="Type" Certainty="75" Level="CriticalWarning">Correct the spelling of 'Deallocation' in type name 'IDeallocationService'.</Issue>
          </Message>
         </Messages>
         <Members>
          <Member Name="#DeallocateEntities(Tc.Crm.WebJob.DeallocateResortTeam.Models.DeallocationExecutionRequest)" Kind="Method" Static="False" Accessibility="Public" ExternallyVisible="True">
           <Messages>
            <Message Id="Deallocate" TypeName="IdentifiersShouldBeSpelledCorrectly" Category="Microsoft.Naming" CheckId="CA1704" Status="Active" Created="2017-04-24 04:23:36Z" FixCategory="Breaking">
             <Issue Name="Member" Certainty="75" Level="CriticalWarning">Correct the spelling of 'Deallocate' in member name 'IDeallocationService.DeallocateEntities(DeallocationExecutionRequest)' or remove it entirely if it represents any sort of Hungarian notation.</Issue>
            </Message>
           </Messages>
          </Member>
          <Member Name="#FetchBookingsForDeallocation(Tc.Crm.WebJob.DeallocateResortTeam.Models.DeallocationRequest)" Kind="Method" Static="False" Accessibility="Public" ExternallyVisible="True">
           <Messages>
            <Message Id="Deallocation" TypeName="IdentifiersShouldBeSpelledCorrectly" Category="Microsoft.Naming" CheckId="CA1704" Status="Active" Created="2017-04-24 04:23:36Z" FixCategory="Breaking">
             <Issue Name="Member" Certainty="75" Level="CriticalWarning">Correct the spelling of 'Deallocation' in member name 'IDeallocationService.FetchBookingsForDeallocation(DeallocationRequest)' or remove it entirely if it represents any sort of Hungarian notation.</Issue>
             <Issue Name="MemberParameter" Certainty="75" Level="CriticalWarning">In method 'IDeallocationService.FetchBookingsForDeallocation(DeallocationRequest)', correct the spelling of 'Deallocation' in parameter name 'bookingDeallocationRequest' or remove it entirely if it represents any sort of Hungarian notation.</Issue>
            </Message>
           </Messages>
          </Member>
         </Members>
        </Type>
       </Types>
      </Namespace>
     </Namespaces>
    </Module>
   </Modules>
  </Target>
 </Targets>
 <Rules>
  <Rule TypeName="AssembliesShouldHaveValidStrongNames" Category="Microsoft.Design" CheckId="CA2210">
   <Name>Assemblies should have valid strong names</Name>
   <Description>Either the assembly has no strong name, an invalid one, or the strong name is valid only because of the computer configuration. The assembly should not be deployed in this state. The most common causes of this are: 1) The assembly's contents were modified after it was signed. 2) The signing process failed. 3) The assembly was delay-signed. 4) A registry key existed that allowed the check to pass (where it would not have otherwise).</Description>
   <Resolution Name="NoStrongName">Sign {0} with a strong name key.</Resolution>
   <Owner />
   <Url>http://msdn.microsoft.com/library/ms182127.aspx</Url>
   <Email>[none]</Email>
   <MessageLevel Certainty="95">CriticalError</MessageLevel>
   <File Name="designrules.dll" Version="14.0.0.0" />
  </Rule>
  <Rule TypeName="CollectionPropertiesShouldBeReadOnly" Category="Microsoft.Usage" CheckId="CA2227">
   <Name>Collection properties should be read only</Name>
   <Description>Properties that return collections should be read-only so that users cannot entirely replace the backing store. Users can still modify the contents of the collection by calling relevant methods on the collection. Note that the XmlSerializer class has special support for deserializing read-only collections. See the XmlSerializer overview for more information.</Description>
   <Resolution Name="Default">Change {0} to be read-only by removing the property setter.</Resolution>
   <Owner />
   <Url>http://msdn.microsoft.com/library/ms182327.aspx</Url>
   <Email>[none]</Email>
   <MessageLevel Certainty="75">Warning</MessageLevel>
   <File Name="usagerules.dll" Version="14.0.0.0" />
  </Rule>
  <Rule TypeName="Dispose objects before losing scope" Category="Microsoft.Reliability" CheckId="CA2000">
   <Name>Dispose objects before losing scope</Name>
   <Description>If a disposable object is not explicitly disposed before all references to it are out of scope, the object will be disposed at some indeterminate time when the garbage collector runs the finalizer of the object. Because an exceptional event might occur that will prevent the finalizer of the object from running, the object should be explicitly disposed instead.</Description>
   <Resolution Name="NonExceptionEdge">In method {0}, call System.IDisposable.Dispose on object {1} before all references to it are out of scope.</Resolution>
   <Owner>RuleOwner</Owner>
   <Url>http://msdn.microsoft.com/library/ms182289.aspx</Url>
   <Email />
   <MessageLevel Certainty="75">Warning</MessageLevel>
   <File Name="dataflowrules.dll" Version="14.0.0.0" />
  </Rule>
  <Rule TypeName="Do not pass literals as localized parameters" Category="Microsoft.Globalization" CheckId="CA1303">
   <Name>Do not pass literals as localized parameters</Name>
   <Description>Literal strings that are embedded in source code are difficult to localize. Avoid passing literal strings as arguments in circumstances where a localized string is generally expected.</Description>
   <Resolution Name="KnownValue">Method {0} passes a literal string as parameter '{1}' of a call to {2}. Retrieve the following string(s) from a resource table instead: {3}.</Resolution>
   <Owner>RuleOwner</Owner>
   <Url>http://msdn.microsoft.com/library/ms182187.aspx</Url>
   <Email />
   <MessageLevel Certainty="75">Warning</MessageLevel>
   <File Name="dataflowrules.dll" Version="14.0.0.0" />
  </Rule>
  <Rule TypeName="DoNotCastUnnecessarily" Category="Microsoft.Performance" CheckId="CA1800">
   <Name>Do not cast unnecessarily</Name>
   <Description>Avoid duplicate casts where possible, since there is a cost associated with them.</Description>
   <Resolution Name="Local">{0}, a variable, is cast to type {1} multiple times in method {2}. Cache the result of the 'as' operator or direct cast in order to eliminate the redundant {3} instruction.</Resolution>
   <Resolution Name="Parameter">{0}, a parameter, is cast to type {1} multiple times in method {2}. Cache the result of the 'as' operator or direct cast in order to eliminate the redundant {3} instruction.</Resolution>
   <Owner />
   <Url>http://msdn.microsoft.com/library/ms182271.aspx</Url>
   <Email>[none]</Email>
   <MessageLevel Certainty="95">Warning</MessageLevel>
   <File Name="performancerules.dll" Version="14.0.0.0" />
  </Rule>
  <Rule TypeName="IdentifiersShouldBeCasedCorrectly" Category="Microsoft.Naming" CheckId="CA1709">
   <Name>Identifiers should be cased correctly</Name>
   <Description>Type, namespace, and member identifiers are Pascal-cased. Parameter identifiers are camel-cased. Two letter acronyms within these identifiers should be upper-cased, for example, use System.IO instead of System.Io. Acronyms of three or more letters should be Pascal-cased, for example, use System.Xml instead of System.XML. The pascal-casing convention capitalizes the first letter of each word, as in BackColor. The camel-casing convention formats the first letter of the first word in lowercase and capitalizes the first letter of all subsequent words, as in backgroundColor. Although it may be common practice for some two letter acronyms to not be fully capitalized, violations of this rule should not be excluded for this reason. For example, 'DbConnection', is common but incorrect; use DBConnection. A violation of this rule might be required for compatibility with existing, non-managed symbol schemes. In general, however, these symbols should not be visible outside the assembly that uses them.</Description>
   <Resolution Name="Assembly">Correct the casing of '{0}' in assembly name {1} by changing it to '{2}'.</Resolution>
   <Resolution Name="Namespace">Correct the casing of '{0}' in namespace name '{1}' by changing it to '{2}'.</Resolution>
   <Owner />
   <Url>http://msdn.microsoft.com/library/ms182240.aspx</Url>
   <Email>[none]</Email>
   <MessageLevel Certainty="85">Error</MessageLevel>
   <File Name="namingrules.dll" Version="14.0.0.0" />
  </Rule>
  <Rule TypeName="IdentifiersShouldBeSpelledCorrectly" Category="Microsoft.Naming" CheckId="CA1704">
   <Name>Identifiers should be spelled correctly</Name>
   <Description>The individual words that make up an identifier should not be abbreviated and should be spelled correctly. If this rule generates a false positive on a term that should be recognized, add the word to the FxCop custom dictionary.</Description>
   <Resolution Name="Assembly">Correct the spelling of '{0}' in assembly name {1}.</Resolution>
   <Resolution Name="Member">Correct the spelling of '{0}' in member name {1} or remove it entirely if it represents any sort of Hungarian notation.</Resolution>
   <Resolution Name="MemberParameter">In method {0}, correct the spelling of '{1}' in parameter name {2} or remove it entirely if it represents any sort of Hungarian notation.</Resolution>
   <Resolution Name="Namespace">Correct the spelling of '{0}' in namespace name '{1}'.</Resolution>
   <Resolution Name="Type">Correct the spelling of '{0}' in type name {1}.</Resolution>
   <Owner />
   <Url>http://msdn.microsoft.com/library/bb264492.aspx</Url>
   <Email>[none]</Email>
   <MessageLevel Certainty="75">CriticalWarning</MessageLevel>
   <File Name="namingrules.dll" Version="14.0.0.0" />
  </Rule>
  <Rule TypeName="Literals should be spelled correctly" Category="Microsoft.Naming" CheckId="CA2204">
   <Name>Literals should be spelled correctly</Name>
   <Description>This rule parses the literal string into words, tokenizing compound words, and checks the spelling of each word/token.</Description>
   <Resolution Name="Default">Correct the spelling of the unrecognized token '{0}' in the literal '{1}'.</Resolution>
   <Owner>RuleOwner</Owner>
   <Url>http://msdn.microsoft.com/library/bb264488.aspx</Url>
   <Email />
   <MessageLevel Certainty="75">Warning</MessageLevel>
   <File Name="dataflowrules.dll" Version="14.0.0.0" />
  </Rule>
  <Rule TypeName="MarkAssembliesWithClsCompliant" Category="Microsoft.Design" CheckId="CA1014">
   <Name>Mark assemblies with CLSCompliantAttribute</Name>
   <Description>Assemblies should explicitly state their CLS compliance using the CLSCompliant attribute. An assembly without this attribute is not CLS-compliant. Assemblies, modules, and types can be CLS-compliant even if some parts of the assembly, module, or type are not CLS-compliant. The following rules apply: 1) If the element is marked CLSCompliant, any noncompliant members must have the CLSCompliant attribute present with its argument set to false. 2) A comparable CLS-compliant alternative member must be supplied for each member that is not CLS-compliant.</Description>
   <Resolution Name="Default">Mark {0} with CLSCompliant(true) because it exposes externally visible types.</Resolution>
   <Owner />
   <Url>http://msdn.microsoft.com/library/ms182156.aspx</Url>
   <Email>[none]</Email>
   <MessageLevel Certainty="95">Error</MessageLevel>
   <File Name="designrules.dll" Version="14.0.0.0" />
  </Rule>
  <Rule TypeName="MarkMembersAsStatic" Category="Microsoft.Performance" CheckId="CA1822">
   <Name>Mark members as static</Name>
   <Description>Methods which do not access instance data or call instance methods can be marked as static (Shared in Visual Basic). After doing so, the compiler will emit non-virtual call sites to these members which will prevent a check at runtime for each call that ensures the current object pointer is non-null. This can result in a measurable performance gain for performance-sensitive code. In some cases, the failure to access the current object instance represents a correctness issue.</Description>
   <Resolution Name="Default">The 'this' parameter (or 'Me' in Visual Basic) of {0} is never used. Mark the member as static (or Shared in Visual Basic) or use 'this'/'Me' in the method body or at least one property accessor, if appropriate.</Resolution>
   <Owner />
   <Url>http://msdn.microsoft.com/library/ms245046.aspx</Url>
   <Email>[none]</Email>
   <MessageLevel Certainty="95">Warning</MessageLevel>
   <File Name="performancerules.dll" Version="14.0.0.0" />
  </Rule>
  <Rule TypeName="ReviewUnusedParameters" Category="Microsoft.Usage" CheckId="CA1801">
   <Name>Review unused parameters</Name>
   <Description>Review parameters in non-virtual methods that are not used in the method body to ensure no correctness exists around failure to access them. Unused parameters incur maintenance and performance costs. Sometimes a violation of this rule can point to an implementation bug in the method (i.e. the parameter should actually have been used in the method body). Exclude warnings of this rule if the parameter has to exist because of backward compatibility.</Description>
   <Resolution Name="Default">Parameter {0} of {1} is never used. Remove the parameter or use it in the method body.</Resolution>
   <Owner />
   <Url>http://msdn.microsoft.com/library/ms182268.aspx</Url>
   <Email>[none]</Email>
   <MessageLevel Certainty="95">Warning</MessageLevel>
   <File Name="usagerules.dll" Version="14.0.0.0" />
  </Rule>
  <Rule TypeName="SpecifyIFormatProvider" Category="Microsoft.Globalization" CheckId="CA1305">
   <Name>Specify IFormatProvider</Name>
   <Description>If an overload exists that takes an IFormatProvider argument, it should always be called in favor of an overload that does not. Some methods in the runtime convert a value to or from a string representation and take a string parameter that contains one or more characters, called format specifiers, which indicate how the value is to be converted. If the meaning of the format specifier varies by culture, a formatting object supplies the actual characters used in the string representation. In scenarios where sorting and comparison behavior should never change between cultures, specify CultureInfo.InvariantCulture, otherwise, specify CultureInfo.CurrentCulture.</Description>
   <Resolution Name="IFormatProviderAlternateString">Because the behavior of {0} could vary based on the current user's locale settings, replace this call in {1} with a call to {2}. If the result of {2} will be displayed to the user, specify {3} as the 'IFormatProvider' parameter. Otherwise, if the result will be stored and accessed by software, such as when it is persisted to disk or to a database, specify {4}.</Resolution>
   <Owner />
   <Url>http://msdn.microsoft.com/library/ms182190.aspx</Url>
   <Email>[none]</Email>
   <MessageLevel Certainty="95">Error</MessageLevel>
   <File Name="globalizationrules.dll" Version="14.0.0.0" />
  </Rule>
  <Rule TypeName="UseOrdinalStringComparison" Category="Microsoft.Globalization" CheckId="CA1309">
   <Name>Use ordinal StringComparison</Name>
   <Description>For non-linguistic comparisons, StringComparison.Ordinal or StringComparison.OrdinalIgnoreCase should be used instead of the linguistically-sensitive StringComparison.InvariantCulture.</Description>
   <Resolution Name="StringComparison">{0} passes '{1}' as the 'StringComparison' parameter to {2}. To perform a non-linguistic comparison, specify 'StringComparison.Ordinal' or 'StringComparison.OrdinalIgnoreCase' instead.</Resolution>
   <Owner />
   <Url>http://msdn.microsoft.com/library/bb385972.aspx</Url>
   <Email>[none]</Email>
   <MessageLevel Certainty="75">Error</MessageLevel>
   <File Name="globalizationrules.dll" Version="14.0.0.0" />
  </Rule>
  <Rule TypeName="Validate arguments of public methods" Category="Microsoft.Design" CheckId="CA1062">
   <Name>Validate arguments of public methods</Name>
   <Description>All reference arguments passed to externally visible methods should be checked against null (Nothing in VB). If appropriate, throw a System.ArgumentNullException when the argument is null.</Description>
   <Resolution Name="Default">In externally visible method {0}, validate parameter '{1}' before using it.</Resolution>
   <Owner>RuleOwner</Owner>
   <Url>http://msdn.microsoft.com/library/ms182182.aspx</Url>
   <Email />
   <MessageLevel Certainty="75">Warning</MessageLevel>
   <File Name="dataflowrules.dll" Version="14.0.0.0" />
  </Rule>
 </Rules>
 <Localized>
  <String Key="Category">Category</String>
  <String Key="Certainty">Certainty</String>
  <String Key="CollapseAll">Collapse All</String>
  <String Key="CheckId">Check Id</String>
  <String Key="Error">Error</String>
  <String Key="Errors">error(s)</String>
  <String Key="ExpandAll">Expand All</String>
  <String Key="Help">Help</String>
  <String Key="Line">Line</String>
  <String Key="Messages">message(s)</String>
  <String Key="LocationNotStoredInPdb">[Location not stored in Pdb]</String>
  <String Key="Project">Project</String>
  <String Key="Resolution">Resolution</String>
  <String Key="Rule">Rule</String>
  <String Key="RuleFile">Rule File</String>
  <String Key="RuleDescription">Rule Description</String>
  <String Key="Source">Source</String>
  <String Key="Status">Status</String>
  <String Key="Target">Target</String>
  <String Key="Warning">Warning</String>
  <String Key="Warnings">warning(s)</String>
  <String Key="ReportTitle">Code Analysis Report</String>
 </Localized>
</FxCopReport>
