<ImportExportXml xmlns:xsi="http://www.w3.org/2001/XMLSchema-instance">
  <Entities></Entities>
  <Roles></Roles>
  <Workflows></Workflows>
  <FieldSecurityProfiles></FieldSecurityProfiles>
  <Templates />
  <EntityMaps />
  <EntityRelationships />
  <OrganizationSettings />
  <optionsets />
  <SolutionPluginAssemblies>
    <PluginAssembly FullName="Tc.Crm.CustomWorkflowSteps, Version=1.0.0.0, Culture=neutral, PublicKeyToken=9d1841d22f62ace3" CustomizationLevel="1">
      <IsolationMode>2</IsolationMode>
      <SourceType>0</SourceType>
      <IntroducedVersion>1.0</IntroducedVersion>
      <FileName>/PluginAssemblies/TcCrmCustomWorkflowSteps-1015ED53-F55D-4287-A5E6-6CF74CC0A6CF/TcCrmCustomWorkflowSteps.dll</FileName>
      <PluginTypes>
        <PluginType AssemblyQualifiedName="Tc.Crm.CustomWorkflowSteps.ExecutingUserInDepartment.ExecutingUserInDepartmentActivity, Tc.Crm.CustomWorkflowSteps, Version=1.0.0.0, Culture=neutral, PublicKeyToken=9d1841d22f62ace3" Name="Tc.Crm.CustomWorkflowSteps.ExecutingUserInDepartment.ExecutingUserInDepartmentActivity">
          <FriendlyName>0bc49b51-4be5-48ed-9f10-decd470f26b1</FriendlyName>
          <WorkflowActivityGroupName>Tc.Crm.CustomWorkflowSteps (1.0.0.0)</WorkflowActivityGroupName>
        </PluginType>
        <PluginType AssemblyQualifiedName="Tc.Crm.CustomWorkflowSteps.GetTeamDefaultQueue.GetTeamDefaultQueueActivity, Tc.Crm.CustomWorkflowSteps, Version=1.0.0.0, Culture=neutral, PublicKeyToken=9d1841d22f62ace3" Name="Tc.Crm.CustomWorkflowSteps.GetTeamDefaultQueue.GetTeamDefaultQueueActivity">
          <FriendlyName>54fa4dda-5c54-4510-a767-cc416d168ce4</FriendlyName>
          <WorkflowActivityGroupName>Tc.Crm.CustomWorkflowSteps (1.0.0.0)</WorkflowActivityGroupName>
        </PluginType>
        <PluginType AssemblyQualifiedName="Tc.Crm.CustomWorkflowSteps.ProcessBooking.ProcessBookingActivity, Tc.Crm.CustomWorkflowSteps, Version=1.0.0.0, Culture=neutral, PublicKeyToken=9d1841d22f62ace3" Name="Tc.Crm.CustomWorkflowSteps.ProcessBooking.ProcessBookingActivity">
          <FriendlyName>3e0d7ec0-b4f0-4a30-8384-65162f2aa0fb</FriendlyName>
          <WorkflowActivityGroupName>Tc.Crm.CustomWorkflowSteps (1.0.0.0)</WorkflowActivityGroupName>
        </PluginType>
        <PluginType AssemblyQualifiedName="Tc.Crm.CustomWorkflowSteps.ProcessSurvey.ProcessSurveyActivity, Tc.Crm.CustomWorkflowSteps, Version=1.0.0.0, Culture=neutral, PublicKeyToken=9d1841d22f62ace3" Name="Tc.Crm.CustomWorkflowSteps.ProcessSurvey.ProcessSurveyActivity">
          <FriendlyName>3d45d1d2-27e5-4f63-a047-7394f06bf4ad</FriendlyName>
          <WorkflowActivityGroupName>Tc.Crm.CustomWorkflowSteps (1.0.0.0)</WorkflowActivityGroupName>
        </PluginType>
        <PluginType AssemblyQualifiedName="Tc.Crm.CustomWorkflowSteps.QueueIdentifier.QueueIdentifierActivity, Tc.Crm.CustomWorkflowSteps, Version=1.0.0.0, Culture=neutral, PublicKeyToken=9d1841d22f62ace3" Name="Tc.Crm.CustomWorkflowSteps.QueueIdentifier.QueueIdentifierActivity">
          <FriendlyName>111af716-3c9a-4572-9e88-47c5c4e88e40</FriendlyName>
          <WorkflowActivityGroupName>Tc.Crm.CustomWorkflowSteps (1.0.0.0)</WorkflowActivityGroupName>
        </PluginType>
        <PluginType AssemblyQualifiedName="Tc.Crm.CustomWorkflowSteps.RetrieveParentRecordActivity, Tc.Crm.CustomWorkflowSteps, Version=1.0.0.0, Culture=neutral, PublicKeyToken=9d1841d22f62ace3" Name="Tc.Crm.CustomWorkflowSteps.RetrieveParentRecordActivity">
          <FriendlyName>6600dc72-3744-4343-a185-b4d494e153c2</FriendlyName>
          <WorkflowActivityGroupName>Tc.Crm.CustomWorkflowSteps (1.0.0.0)</WorkflowActivityGroupName>
        </PluginType>
        <PluginType AssemblyQualifiedName="Tc.Crm.CustomWorkflowSteps.Utility.SimpleValueFetchActivity, Tc.Crm.CustomWorkflowSteps, Version=1.0.0.0, Culture=neutral, PublicKeyToken=9d1841d22f62ace3" Name="Tc.Crm.CustomWorkflowSteps.Utility.SimpleValueFetchActivity">
          <FriendlyName>3c7157d5-e9f5-4a3c-907d-9cd163b1cb08</FriendlyName>
          <WorkflowActivityGroupName>Tc.Crm.CustomWorkflowSteps (1.0.0.0)</WorkflowActivityGroupName>
        </PluginType>
      </PluginTypes>
    </PluginAssembly>
  </SolutionPluginAssemblies>
  <Languages>
    <Language>1033</Language>
    <Language>1036</Language>
    <Language>1031</Language>
  </Languages>
</ImportExportXml>