<ImportExportXml version="8.2.0001.0207" SolutionPackageVersion="8.2" languagecode="1033" generatedBy="CrmLive" xmlns:xsi="http://www.w3.org/2001/XMLSchema-instance">
  <SolutionManifest>
    <UniqueName>HF_CRM2724</UniqueName>
    <LocalizedNames>
      <LocalizedName description="HF_CRM2724" languagecode="1033" />
    </LocalizedNames>
    <Descriptions>
      <Description description="Updated Offline Mobile profile to allow my Customers and Cases as well as my teams records to appear offline." languagecode="1033" />
    </Descriptions>
    <Version>1.0.0.0</Version>
    <Managed>0</Managed>
    <Publisher>
      <UniqueName>thomascook</UniqueName>
      <LocalizedNames>
        <LocalizedName description="Thomas Cook" languagecode="1031" />
        <LocalizedName description="Thomas Cook" languagecode="1033" />
        <LocalizedName description="Thomas Cook" languagecode="1036" />
      </LocalizedNames>
      <Descriptions />
      <EMailAddress xsi:nil="true"></EMailAddress>
      <SupportingWebsiteUrl xsi:nil="true"></SupportingWebsiteUrl>
      <CustomizationPrefix>tc</CustomizationPrefix>
      <CustomizationOptionValuePrefix>95000</CustomizationOptionValuePrefix>
      <Addresses>
        <Address>
          <AddressNumber>1</AddressNumber>
          <AddressTypeCode>1</AddressTypeCode>
          <City>Egham</City>
          <County xsi:nil="true"></County>
          <Country>United Kingdom</Country>
          <Fax xsi:nil="true"></Fax>
          <FreightTermsCode xsi:nil="true"></FreightTermsCode>
          <ImportSequenceNumber xsi:nil="true"></ImportSequenceNumber>
          <Latitude xsi:nil="true"></Latitude>
          <Line1>Axon House</Line1>
          <Line2 xsi:nil="true"></Line2>
          <Line3 xsi:nil="true"></Line3>
          <Longitude xsi:nil="true"></Longitude>
          <Name xsi:nil="true"></Name>
          <PostalCode>TW20</PostalCode>
          <PostOfficeBox xsi:nil="true"></PostOfficeBox>
          <PrimaryContactName xsi:nil="true"></PrimaryContactName>
          <ShippingMethodCode>1</ShippingMethodCode>
          <StateOrProvince>Surrey</StateOrProvince>
          <Telephone1 xsi:nil="true"></Telephone1>
          <Telephone2 xsi:nil="true"></Telephone2>
          <Telephone3 xsi:nil="true"></Telephone3>
          <TimeZoneRuleVersionNumber xsi:nil="true"></TimeZoneRuleVersionNumber>
          <UPSZone xsi:nil="true"></UPSZone>
          <UTCOffset xsi:nil="true"></UTCOffset>
          <UTCConversionTimeZoneCode xsi:nil="true"></UTCConversionTimeZoneCode>
        </Address>
        <Address>
          <AddressNumber>2</AddressNumber>
          <AddressTypeCode>1</AddressTypeCode>
          <City xsi:nil="true"></City>
          <County xsi:nil="true"></County>
          <Country xsi:nil="true"></Country>
          <Fax xsi:nil="true"></Fax>
          <FreightTermsCode xsi:nil="true"></FreightTermsCode>
          <ImportSequenceNumber xsi:nil="true"></ImportSequenceNumber>
          <Latitude xsi:nil="true"></Latitude>
          <Line1 xsi:nil="true"></Line1>
          <Line2 xsi:nil="true"></Line2>
          <Line3 xsi:nil="true"></Line3>
          <Longitude xsi:nil="true"></Longitude>
          <Name xsi:nil="true"></Name>
          <PostalCode xsi:nil="true"></PostalCode>
          <PostOfficeBox xsi:nil="true"></PostOfficeBox>
          <PrimaryContactName xsi:nil="true"></PrimaryContactName>
          <ShippingMethodCode>1</ShippingMethodCode>
          <StateOrProvince xsi:nil="true"></StateOrProvince>
          <Telephone1 xsi:nil="true"></Telephone1>
          <Telephone2 xsi:nil="true"></Telephone2>
          <Telephone3 xsi:nil="true"></Telephone3>
          <TimeZoneRuleVersionNumber xsi:nil="true"></TimeZoneRuleVersionNumber>
          <UPSZone xsi:nil="true"></UPSZone>
          <UTCOffset xsi:nil="true"></UTCOffset>
          <UTCConversionTimeZoneCode xsi:nil="true"></UTCConversionTimeZoneCode>
        </Address>
      </Addresses>
    </Publisher>
    <RootComponents>
      <RootComponent type="1" schemaName="account" behavior="0" />
      <RootComponent type="1" schemaName="activitymimeattachment" behavior="0" />
      <RootComponent type="1" schemaName="annotation" behavior="0" />
      <RootComponent type="1" schemaName="contact" behavior="0" />
      <RootComponent type="1" schemaName="email" behavior="0" />
      <RootComponent type="1" schemaName="incident" behavior="0" />
      <RootComponent type="1" schemaName="letter" behavior="2" />
      <RootComponent type="1" schemaName="msdyn_wallsavedqueryusersettings" behavior="2" />
      <RootComponent type="1" schemaName="popat_powerattachment" behavior="2" />
      <RootComponent type="1" schemaName="queue" behavior="2" />
      <RootComponent type="1" schemaName="slakpiinstance" behavior="2" />
      <RootComponent type="1" schemaName="socialprofile" behavior="2" />
      <RootComponent type="1" schemaName="systemuser" behavior="0" />
      <RootComponent type="1" schemaName="tc_accounttype" behavior="0" />
      <RootComponent type="1" schemaName="tc_alternativeemail" behavior="0" />
      <RootComponent type="1" schemaName="tc_assistancerequest" behavior="0" />
      <RootComponent type="1" schemaName="tc_booking" behavior="0" />
      <RootComponent type="1" schemaName="tc_bookingaccommodation" behavior="0" />
      <RootComponent type="1" schemaName="tc_bookingextraservice" behavior="0" />
      <RootComponent type="1" schemaName="tc_bookingtransfer" behavior="0" />
      <RootComponent type="1" schemaName="tc_bookingtransport" behavior="0" />
      <RootComponent type="1" schemaName="tc_brand" behavior="0" />
      <RootComponent type="1" schemaName="tc_casecategory" behavior="0" />
      <RootComponent type="1" schemaName="tc_caseflow" behavior="2" />
      <RootComponent type="1" schemaName="tc_caseline" behavior="0" />
      <RootComponent type="1" schemaName="tc_casetype" behavior="0" />
      <RootComponent type="1" schemaName="tc_compensation" behavior="0" />
      <RootComponent type="1" schemaName="tc_compensationapproval" behavior="0" />
      <RootComponent type="1" schemaName="tc_compensationcalculationline" behavior="0" />
      <RootComponent type="1" schemaName="tc_compensationcalculationmatrix" behavior="0" />
      <RootComponent type="1" schemaName="tc_compensationline" behavior="0" />
      <RootComponent type="1" schemaName="tc_configuration" behavior="0" />
      <RootComponent type="1" schemaName="tc_country" behavior="0" />
      <RootComponent type="1" schemaName="tc_customerbookingrole" behavior="0" />
      <RootComponent type="1" schemaName="tc_gateway" behavior="0" />
      <RootComponent type="1" schemaName="tc_hotel" behavior="0" />
      <RootComponent type="1" schemaName="tc_hotelpromises" behavior="0" />
      <RootComponent type="1" schemaName="tc_location" behavior="0" />
      <RootComponent type="1" schemaName="tc_locationoffice" behavior="0" />
      <RootComponent type="1" schemaName="tc_recovery" behavior="2" />
      <RootComponent type="1" schemaName="tc_region" behavior="0" />
      <RootComponent type="1" schemaName="tc_sharer" behavior="0" />
      <RootComponent type="1" schemaName="tc_surveyresponse" behavior="2" />
      <RootComponent type="1" schemaName="tc_touroperator" behavior="0" />
      <RootComponent type="1" schemaName="team" behavior="0" />
      <RootComponent type="9" schemaName="tc_24hourpromise" behavior="0" />
      <RootComponent type="9" schemaName="tc_acceptancestatus" behavior="0" />
      <RootComponent type="9" schemaName="tc_bacsaccounttype" behavior="0" />
      <RootComponent type="9" schemaName="tc_boardtype" behavior="0" />
      <RootComponent type="9" schemaName="tc_bookingservicetype" behavior="0" />
      <RootComponent type="9" schemaName="tc_buildingworkgrade" behavior="0" />
      <RootComponent type="9" schemaName="tc_comebackreason" behavior="0" />
      <RootComponent type="9" schemaName="tc_comebackresult" behavior="0" />
      <RootComponent type="9" schemaName="tc_compensationcostcover" behavior="0" />
      <RootComponent type="9" schemaName="tc_compensationseverityimpact" behavior="0" />
      <RootComponent type="9" schemaName="tc_compensationtcconfirmation" behavior="0" />
      <RootComponent type="9" schemaName="tc_compensation_paymentofferstatus" behavior="0" />
      <RootComponent type="9" schemaName="tc_countries" behavior="0" />
      <RootComponent type="9" schemaName="tc_customerbookingrole" behavior="0" />
      <RootComponent type="9" schemaName="tc_customerrelationslevel" behavior="0" />
      <RootComponent type="9" schemaName="tc_customersegment" behavior="0" />
      <RootComponent type="9" schemaName="tc_emailaddresstype" behavior="0" />
      <RootComponent type="9" schemaName="tc_externalservicecodetype" behavior="0" />
      <RootComponent type="9" schemaName="tc_flightlength" behavior="0" />
      <RootComponent type="9" schemaName="tc_gender" behavior="0" />
      <RootComponent type="9" schemaName="tc_highmediumlow" behavior="0" />
      <RootComponent type="9" schemaName="tc_hotelcategory" behavior="0" />
      <RootComponent type="9" schemaName="tc_hotelcomplextype" behavior="0" />
      <RootComponent type="9" schemaName="tc_hotelpromisetype" behavior="0" />
      <RootComponent type="9" schemaName="tc_incidentinvestigationstatus" behavior="0" />
      <RootComponent type="9" schemaName="tc_invoicestatusvalues" behavior="0" />
      <RootComponent type="9" schemaName="tc_languages" behavior="0" />
      <RootComponent type="9" schemaName="tc_methodofcommunication" behavior="0" />
      <RootComponent type="9" schemaName="tc_nonfinancialcompensationsubtype" behavior="0" />
      <RootComponent type="9" schemaName="tc_originatingbusinessarea" behavior="0" />
      <RootComponent type="9" schemaName="tc_producttype" behavior="0" />
      <RootComponent type="9" schemaName="tc_salutation" behavior="0" />
      <RootComponent type="9" schemaName="tc_sladuration" behavior="0" />
      <RootComponent type="9" schemaName="tc_telephonetype" behavior="0" />
      <RootComponent type="9" schemaName="tc_transferserviceleveltype" behavior="0" />
      <RootComponent type="9" schemaName="tc_transfertype" behavior="0" />
      <RootComponent type="9" schemaName="tc_vouchertypes" behavior="0" />
      <RootComponent type="9" schemaName="tc_yesno" behavior="0" />
      <RootComponent type="20" id="{1fc1d43b-f9f8-e611-8107-3863bb34fb48}" behavior="0" />
      <RootComponent type="20" id="{2d8ae3cf-1f3f-e711-810b-e0071b66e0a1}" behavior="0" />
      <RootComponent type="20" id="{2eef0323-f9f8-e611-8107-3863bb34fb48}" behavior="0" />
      <RootComponent type="20" id="{2fa23aa7-b205-e711-8109-3863bb34fb48}" behavior="0" />
      <RootComponent type="20" id="{5c0f71f4-f9f8-e611-8107-3863bb34fb48}" behavior="0" />
      <RootComponent type="20" id="{6fd27bee-defc-e611-8108-3863bb34fb48}" behavior="0" />
      <RootComponent type="20" id="{a2518d2f-f9f8-e611-8107-3863bb34fb48}" behavior="0" />
      <RootComponent type="20" id="{a65769fa-f9f8-e611-8107-3863bb34fb48}" behavior="0" />
      <RootComponent type="20" id="{d14317c4-18f8-e611-80ff-3863bb354ff0}" behavior="0" />
      <RootComponent type="20" id="{e478dc35-f9f8-e611-8107-3863bb34fb48}" behavior="0" />
      <RootComponent type="20" id="{ef5563ee-f9f8-e611-8107-3863bb34fb48}" behavior="0" />
      <RootComponent type="20" id="{f6627159-76fa-e611-8108-3863bb34fb48}" behavior="0" />
      <RootComponent type="20" id="{f765a7da-d33e-e711-810b-e0071b66e0a1}" behavior="0" />
      <RootComponent type="29" id="{e656ed68-4352-4d91-8590-ba9e5312ea4c}" behavior="0" />
      <RootComponent type="60" id="{0b60b9eb-4b06-45c0-a557-d899cecea65e}" behavior="0" />
      <RootComponent type="60" id="{0f11b135-275d-47fb-a680-b8ba05592db9}" behavior="0" />
      <RootComponent type="60" id="{15915835-b87c-49ec-9ffc-bfac3ac44ef1}" behavior="0" />
      <RootComponent type="60" id="{1f849572-4d3f-42a5-b8ae-b8bf0b32b4a2}" behavior="0" />
      <RootComponent type="60" id="{5caa9a69-2ce0-47fd-885e-b6a6b2edc12f}" behavior="0" />
      <RootComponent type="60" id="{70ad8b15-e3f3-4d7d-9e4b-16cb4e51b484}" behavior="0" />
      <RootComponent type="60" id="{eb3748b8-5f90-4050-a039-8b7d279ad8fe}" behavior="0" />
      <RootComponent type="61" schemaName="tc_AlternativeEmail16px" behavior="0" />
      <RootComponent type="61" schemaName="tc_AlternativeEmail32px" behavior="0" />
      <RootComponent type="61" schemaName="tc_assistancerequesticon16" behavior="0" />
      <RootComponent type="61" schemaName="tc_assistancerequesticon32" behavior="0" />
      <RootComponent type="61" schemaName="tc_BookingAccommodationIcon16" behavior="0" />
      <RootComponent type="61" schemaName="tc_BookingAccommodationIcon32" behavior="0" />
      <RootComponent type="61" schemaName="tc_BookingExtraService16" behavior="0" />
      <RootComponent type="61" schemaName="tc_BookingExtraService32" behavior="0" />
      <RootComponent type="61" schemaName="tc_BookingIcon16" behavior="0" />
      <RootComponent type="61" schemaName="tc_BookingIcon32" behavior="0" />
      <RootComponent type="61" schemaName="tc_BookingTransferIcon16" behavior="0" />
      <RootComponent type="61" schemaName="tc_BookingTransferIcon32" behavior="0" />
      <RootComponent type="61" schemaName="tc_BookingTransportAeroplaneIcon16" behavior="0" />
      <RootComponent type="61" schemaName="tc_BookingTransportAeroplaneIcon32" behavior="0" />
      <RootComponent type="61" schemaName="tc_BrandIcon16" behavior="0" />
      <RootComponent type="61" schemaName="tc_BrandIcon32" behavior="0" />
      <RootComponent type="61" schemaName="tc_CaseCategoryIcon16" behavior="0" />
      <RootComponent type="61" schemaName="tc_CaseCategoryIcon32" behavior="0" />
      <RootComponent type="61" schemaName="tc_CaseLineIcon16" behavior="0" />
      <RootComponent type="61" schemaName="tc_CaseLineIcon32" behavior="0" />
      <RootComponent type="61" schemaName="tc_CaseTypes16" behavior="0" />
      <RootComponent type="61" schemaName="tc_CaseTypes32" behavior="0" />
      <RootComponent type="61" schemaName="tc_CompensationApprovalIcon16" behavior="0" />
      <RootComponent type="61" schemaName="tc_CompensationApprovalIcon32" behavior="0" />
      <RootComponent type="61" schemaName="tc_CompensationCalcLineIcon16" behavior="0" />
      <RootComponent type="61" schemaName="tc_CompensationCalcLineIcon32" behavior="0" />
      <RootComponent type="61" schemaName="tc_CompensationIcon16" behavior="0" />
      <RootComponent type="61" schemaName="tc_CompensationIcon32" behavior="0" />
      <RootComponent type="61" schemaName="tc_CompensationLineIcon16" behavior="0" />
      <RootComponent type="61" schemaName="tc_CompensationLineIcon32" behavior="0" />
      <RootComponent type="61" schemaName="tc_CompensationMatrixIcon16" behavior="0" />
      <RootComponent type="61" schemaName="tc_CompensationMatrixIcon32" behavior="0" />
      <RootComponent type="61" schemaName="tc_CompensationSignature" behavior="0" />
      <RootComponent type="61" schemaName="tc_ConfigurationIcon16" behavior="0" />
      <RootComponent type="61" schemaName="tc_ConfigurationIcon32" behavior="0" />
      <RootComponent type="61" schemaName="tc_CountryWorldIcon16" behavior="0" />
      <RootComponent type="61" schemaName="tc_CountryWorldIcon32" behavior="0" />
      <RootComponent type="61" schemaName="tc_CustomerBookingRole16" behavior="0" />
      <RootComponent type="61" schemaName="tc_CustomerBookingRole32" behavior="0" />
      <RootComponent type="61" schemaName="tc_es6promise.js" behavior="0" />
      <RootComponent type="61" schemaName="tc_GatewayGateIcon16" behavior="0" />
      <RootComponent type="61" schemaName="tc_GatewayGateIcon32" behavior="0" />
      <RootComponent type="61" schemaName="tc_HotelIcon16" behavior="0" />
      <RootComponent type="61" schemaName="tc_HotelIcon32" behavior="0" />
      <RootComponent type="61" schemaName="tc_HotelPromiseIcon16" behavior="0" />
      <RootComponent type="61" schemaName="tc_HotelPromiseIcon32" behavior="0" />
      <RootComponent type="61" schemaName="tc_LocationOfficeIcon16" behavior="0" />
      <RootComponent type="61" schemaName="tc_LocationOfficeIcon32" behavior="0" />
      <RootComponent type="61" schemaName="tc_LocationPyramidIcon16" behavior="0" />
      <RootComponent type="61" schemaName="tc_LocationPyramidIcon32" behavior="0" />
      <RootComponent type="61" schemaName="tc_RegionIcon16" behavior="0" />
      <RootComponent type="61" schemaName="tc_RegionIcon32" behavior="0" />
      <RootComponent type="61" schemaName="tc_require.js" behavior="0" />
      <RootComponent type="61" schemaName="tc_Sharer16" behavior="0" />
      <RootComponent type="61" schemaName="tc_Sharer32" behavior="0" />
      <RootComponent type="61" schemaName="tc_Tc.Crm.Scripts.Common.js" behavior="0" />
      <RootComponent type="61" schemaName="tc_Tc.Crm.Scripts.Events.Account" behavior="0" />
      <RootComponent type="61" schemaName="tc_Tc.Crm.Scripts.Events.Case.js" behavior="0" />
      <RootComponent type="61" schemaName="tc_Tc.Crm.Scripts.Events.CaseLine.js" behavior="0" />
      <RootComponent type="61" schemaName="tc_Tc.Crm.Scripts.Events.Compensation.js" behavior="0" />
      <RootComponent type="61" schemaName="tc_Tc.Crm.Scripts.Events.Contact.js" behavior="0" />
      <RootComponent type="61" schemaName="tc_Tc.Crm.Scripts.Events.Email.js" behavior="0" />
      <RootComponent type="61" schemaName="tc_Tc.Crm.Scripts.Library.Case.js" behavior="0" />
      <RootComponent type="61" schemaName="tc_Tc.Crm.Scripts.Library.CaseLine.js" behavior="0" />
      <RootComponent type="61" schemaName="tc_Tc.Crm.Scripts.Library.Compensation.js" behavior="0" />
      <RootComponent type="61" schemaName="tc_Tc.Crm.Scripts.Library.Contact.js" behavior="0" />
      <RootComponent type="70" id="{3ab8f05d-ce54-e711-8127-e0071b659e11}" behavior="0" />
      <RootComponent type="70" id="{596e68a9-f203-e711-810d-1458d041f8e8}" behavior="0" />
      <RootComponent type="70" id="{e101fdc2-9714-e711-810c-3863bb34fb48}" behavior="0" />
      <RootComponent type="70" id="{f249bb95-f424-e711-8104-3863bb354ff0}" behavior="0" />
      <RootComponent type="161" id="{c7087acd-b0ef-e611-8106-3863bb340dd8}" behavior="0" />
    </RootComponents>
    <MissingDependencies>
      <MissingDependency>
        <Required key="0" type="1" schemaName="popat_powerattachment" displayName="PowerAttachment" solution="PowerAttachment (1.2.2.2013)" />
        <Dependent key="0" type="1" schemaName="popat_powerattachment" displayName="PowerAttachment" />
      </MissingDependency>
      <MissingDependency>
        <Required key="1" type="1" schemaName="msdyn_wallsavedqueryusersettings" displayName="Filter" solution="ActivityFeedsCore (8.2.0.0)" />
        <Dependent key="1" type="1" schemaName="msdyn_wallsavedqueryusersettings" displayName="Filter" />
      </MissingDependency>
      <MissingDependency>
        <Required key="1" type="1" schemaName="msdyn_wallsavedqueryusersettings" displayName="Filter" solution="ActivityFeedsCore (8.2.0.0)" />
        <Dependent key="2" type="2" schemaName="msdyn_useridyominame" parentSchemaName="msdyn_wallsavedqueryusersettings" parentDisplayName="Filter" />
      </MissingDependency>
      <MissingDependency>
        <Required key="1" type="1" schemaName="msdyn_wallsavedqueryusersettings" displayName="Filter" solution="ActivityFeedsCore (8.2.0.0)" />
        <Dependent key="3" type="2" schemaName="msdyn_useridname" parentSchemaName="msdyn_wallsavedqueryusersettings" parentDisplayName="Filter" />
      </MissingDependency>
      <MissingDependency>
        <Required key="1" type="1" schemaName="msdyn_wallsavedqueryusersettings" displayName="Filter" solution="ActivityFeedsCore (8.2.0.0)" />
        <Dependent key="4" type="10" schemaName="msdyn_systemuser_wallsavedqueryusersettings_userid" displayName="msdyn_systemuser_wallsavedqueryusersettings_userid" parentSchemaName="msdyn_wallsavedqueryusersettings" parentDisplayName="Filter" />
      </MissingDependency>
      <MissingDependency>
        <Required key="5" type="1" schemaName="tc_recovery" displayName="Recovery" solution="Active" />
        <Dependent key="5" type="1" schemaName="tc_recovery" displayName="Recovery" />
      </MissingDependency>
      <MissingDependency>
        <Required key="6" type="1" schemaName="tc_caseflow" displayName="Case Flow" solution="Active" />
        <Dependent key="6" type="1" schemaName="tc_caseflow" displayName="Case Flow" />
      </MissingDependency>
      <MissingDependency>
        <Required key="7" type="1" schemaName="tc_surveyresponse" displayName="Survey Response" solution="Active" />
        <Dependent key="7" type="1" schemaName="tc_surveyresponse" displayName="Survey Response" />
      </MissingDependency>
      <MissingDependency>
        <Required key="8" type="2" schemaName="tc_sladuration" displayName="SLA Duration" parentSchemaName="queue" parentDisplayName="Queue" solution="Active" />
        <Dependent key="9" type="70" displayName="Tc.Base" id="{596e68a9-f203-e711-810d-1458d041f8e8}" />
      </MissingDependency>
      <MissingDependency>
        <Required key="10" type="2" schemaName="msdyn_userid" displayName="User Id" parentSchemaName="msdyn_wallsavedqueryusersettings" parentDisplayName="Filter" solution="ActivityFeedsCore (8.2.0.0)" />
        <Dependent key="4" type="10" schemaName="msdyn_systemuser_wallsavedqueryusersettings_userid" displayName="msdyn_systemuser_wallsavedqueryusersettings_userid" parentSchemaName="msdyn_wallsavedqueryusersettings" parentDisplayName="Filter" />
      </MissingDependency>
      <MissingDependency>
        <Required key="11" type="2" schemaName="popat_email" displayName="Email" parentSchemaName="popat_powerattachment" parentDisplayName="PowerAttachment" solution="PowerAttachment (1.2.2.2013)" />
        <Dependent key="11" type="2" schemaName="popat_email" displayName="Email" parentSchemaName="popat_powerattachment" parentDisplayName="PowerAttachment" />
      </MissingDependency>
      <MissingDependency>
        <Required key="10" type="2" schemaName="msdyn_userid" displayName="User Id" parentSchemaName="msdyn_wallsavedqueryusersettings" parentDisplayName="Filter" solution="ActivityFeedsCore (8.2.0.0)" />
        <Dependent key="10" type="2" schemaName="msdyn_userid" displayName="User Id" parentSchemaName="msdyn_wallsavedqueryusersettings" parentDisplayName="Filter" />
      </MissingDependency>
      <MissingDependency>
        <Required key="12" type="10" schemaName="popat_email_popat_powerattachment_Email" displayName="popat_email_popat_powerattachment_Email" parentSchemaName="popat_powerattachment" parentDisplayName="PowerAttachment" solution="PowerAttachment (1.2.2.2013)" />
        <Dependent key="12" type="10" schemaName="popat_email_popat_powerattachment_Email" displayName="popat_email_popat_powerattachment_Email" parentSchemaName="popat_powerattachment" parentDisplayName="PowerAttachment" />
      </MissingDependency>
      <MissingDependency>
        <Required key="4" type="10" schemaName="msdyn_systemuser_wallsavedqueryusersettings_userid" displayName="msdyn_systemuser_wallsavedqueryusersettings_userid" parentSchemaName="msdyn_wallsavedqueryusersettings" parentDisplayName="Filter" solution="ActivityFeedsCore (8.2.0.0)" />
        <Dependent key="4" type="10" schemaName="msdyn_systemuser_wallsavedqueryusersettings_userid" displayName="msdyn_systemuser_wallsavedqueryusersettings_userid" parentSchemaName="msdyn_wallsavedqueryusersettings" parentDisplayName="Filter" />
      </MissingDependency>
      <MissingDependency>
        <Required key="4" type="10" schemaName="msdyn_systemuser_wallsavedqueryusersettings_userid" displayName="msdyn_systemuser_wallsavedqueryusersettings_userid" parentSchemaName="msdyn_wallsavedqueryusersettings" parentDisplayName="Filter" solution="ActivityFeedsCore (8.2.0.0)" />
        <Dependent key="2" type="2" schemaName="msdyn_useridyominame" parentSchemaName="msdyn_wallsavedqueryusersettings" parentDisplayName="Filter" />
      </MissingDependency>
      <MissingDependency>
        <Required key="12" type="10" schemaName="popat_email_popat_powerattachment_Email" displayName="popat_email_popat_powerattachment_Email" parentSchemaName="popat_powerattachment" parentDisplayName="PowerAttachment" solution="PowerAttachment (1.2.2.2013)" />
        <Dependent key="13" type="2" schemaName="popat_emailname" parentSchemaName="popat_powerattachment" parentDisplayName="PowerAttachment" />
      </MissingDependency>
      <MissingDependency>
        <Required key="4" type="10" schemaName="msdyn_systemuser_wallsavedqueryusersettings_userid" displayName="msdyn_systemuser_wallsavedqueryusersettings_userid" parentSchemaName="msdyn_wallsavedqueryusersettings" parentDisplayName="Filter" solution="ActivityFeedsCore (8.2.0.0)" />
        <Dependent key="3" type="2" schemaName="msdyn_useridname" parentSchemaName="msdyn_wallsavedqueryusersettings" parentDisplayName="Filter" />
      </MissingDependency>
      <MissingDependency>
        <Required key="7" type="1" schemaName="tc_surveyresponse" displayName="Survey Response" solution="Active" />
        <Dependent key="14" type="10" schemaName="tc_tc_gateway_tc_surveyresponse" displayName="tc_tc_gateway_tc_surveyresponse" parentSchemaName="tc_surveyresponse" parentDisplayName="Survey Response" />
      </MissingDependency>
      <MissingDependency>
        <Required key="7" type="1" schemaName="tc_surveyresponse" displayName="Survey Response" solution="Active" />
        <Dependent key="15" type="10" schemaName="tc_booking_tc_surveyresponse" displayName="tc_booking_tc_surveyresponse" parentSchemaName="tc_surveyresponse" parentDisplayName="Survey Response" />
      </MissingDependency>
      <MissingDependency>
        <Required key="5" type="1" schemaName="tc_recovery" displayName="Recovery" solution="Active" />
        <Dependent key="16" type="10" schemaName="tc_casecategory3_tc_recovery" displayName="tc_casecategory3_tc_recovery" parentSchemaName="tc_recovery" parentDisplayName="Recovery" />
      </MissingDependency>
      <MissingDependency>
        <Required key="6" type="1" schemaName="tc_caseflow" displayName="Case Flow" solution="Active" />
        <Dependent key="17" type="10" schemaName="bpf_incident_tc_caseflow" displayName="bpf_incident_tc_caseflow" parentSchemaName="tc_caseflow" parentDisplayName="Case Flow" />
      </MissingDependency>
      <MissingDependency>
        <Required key="5" type="1" schemaName="tc_recovery" displayName="Recovery" solution="Active" />
        <Dependent key="18" type="10" schemaName="tc_incident_tc_recovery" displayName="tc_incident_tc_recovery" parentSchemaName="tc_recovery" parentDisplayName="Recovery" />
      </MissingDependency>
      <MissingDependency>
        <Required key="5" type="1" schemaName="tc_recovery" displayName="Recovery" solution="Active" />
        <Dependent key="19" type="10" schemaName="tc_tc_compensationline_tc_recovery" displayName="tc_tc_compensationline_tc_recovery" parentSchemaName="tc_recovery" parentDisplayName="Recovery" />
      </MissingDependency>
      <MissingDependency>
        <Required key="5" type="1" schemaName="tc_recovery" displayName="Recovery" solution="Active" />
        <Dependent key="20" type="10" schemaName="tc_tc_caseline_tc_recovery" displayName="tc_tc_caseline_tc_recovery" parentSchemaName="tc_recovery" parentDisplayName="Recovery" />
      </MissingDependency>
      <MissingDependency>
        <Required key="5" type="1" schemaName="tc_recovery" displayName="Recovery" solution="Active" />
        <Dependent key="21" type="10" schemaName="tc_tc_compensation_tc_recovery" displayName="tc_tc_compensation_tc_recovery" parentSchemaName="tc_recovery" parentDisplayName="Recovery" />
      </MissingDependency>
      <MissingDependency>
        <Required key="5" type="1" schemaName="tc_recovery" displayName="Recovery" solution="Active" />
        <Dependent key="22" type="10" schemaName="tc_booking_tc_recovery" displayName="tc_booking_tc_recovery" parentSchemaName="tc_recovery" parentDisplayName="Recovery" />
      </MissingDependency>
      <MissingDependency>
        <Required key="5" type="1" schemaName="tc_recovery" displayName="Recovery" solution="Active" />
        <Dependent key="23" type="10" schemaName="tc_casecategory_tc_recovery" displayName="tc_casecategory_tc_recovery" parentSchemaName="tc_recovery" parentDisplayName="Recovery" />
      </MissingDependency>
      <MissingDependency>
        <Required key="5" type="1" schemaName="tc_recovery" displayName="Recovery" solution="Active" />
        <Dependent key="24" type="10" schemaName="tc_casecategory2_tc_recovery" displayName="tc_casecategory2_tc_recovery" parentSchemaName="tc_recovery" parentDisplayName="Recovery" />
      </MissingDependency>
      <MissingDependency>
        <Required key="25" type="20" displayName="PowerSMS User" solution="PowerSMS (2.2.4.2016)" id="{83b27124-2386-e211-bc15-000c298a36a7}" />
        <Dependent key="26" type="60" displayName="IDS Customer" parentDisplayName="Customer" id="{1fed44d1-ae68-4a41-bd2b-f13acac4acfa}" />
      </MissingDependency>
      <MissingDependency>
        <Required key="27" type="20" displayName="Activity Feeds" solution="ActivityFeedsCore (8.2.0.0)" id="{cb269f84-e19d-e011-b66c-00155db528b6}" />
        <Dependent key="26" type="60" displayName="IDS Customer" parentDisplayName="Customer" id="{1fed44d1-ae68-4a41-bd2b-f13acac4acfa}" />
      </MissingDependency>
      <MissingDependency>
        <Required key="28" type="20" displayName="PowerAutoNumber Admin Role" solution="PowerAutoNumber (1.2.14.2016)" id="{6b61b74b-a3d6-e411-9426-00155dcfc00d}" />
        <Dependent key="26" type="60" displayName="IDS Customer" parentDisplayName="Customer" id="{1fed44d1-ae68-4a41-bd2b-f13acac4acfa}" />
      </MissingDependency>
      <MissingDependency>
        <Required key="29" type="20" displayName="PowerAutoNumber User Role" solution="PowerAutoNumber (1.2.14.2016)" id="{24bd3295-a3d6-e411-9426-00155dcfc00d}" />
        <Dependent key="26" type="60" displayName="IDS Customer" parentDisplayName="Customer" id="{1fed44d1-ae68-4a41-bd2b-f13acac4acfa}" />
      </MissingDependency>
      <MissingDependency>
        <Required key="30" type="20" displayName="PowerAttachment User" solution="PowerAttachment (1.2.2.2013)" id="{d9af258f-44bb-e411-9424-00155dcfc00d}" />
        <Dependent key="26" type="60" displayName="IDS Customer" parentDisplayName="Customer" id="{1fed44d1-ae68-4a41-bd2b-f13acac4acfa}" />
      </MissingDependency>
      <MissingDependency>
        <Required key="31" type="20" displayName="PowerAttachment Service Account" solution="PowerAttachment (1.2.2.2013)" id="{c953d024-45bb-e411-9424-00155dcfc00d}" />
        <Dependent key="26" type="60" displayName="IDS Customer" parentDisplayName="Customer" id="{1fed44d1-ae68-4a41-bd2b-f13acac4acfa}" />
      </MissingDependency>
      <MissingDependency>
        <Required key="32" type="20" displayName="PowerSMS Administrator" solution="PowerSMS (2.2.4.2016)" id="{fb8e9dc4-b5ff-e511-9438-00155dcfc00d}" />
        <Dependent key="26" type="60" displayName="IDS Customer" parentDisplayName="Customer" id="{1fed44d1-ae68-4a41-bd2b-f13acac4acfa}" />
      </MissingDependency>
      <MissingDependency>
        <Required key="33" type="61" schemaName="popat_/PowerAttachmentsHTML" displayName="popat_/PowerAttachmentsHTML" solution="PowerAttachment (1.2.2.2013)" />
        <Dependent key="34" type="60" displayName="Case" parentDisplayName="Case" id="{4a63c8d1-6c1e-48ec-9db4-3e6c7155334c}" />
      </MissingDependency>
      <MissingDependency>
        <Required key="35" type="61" schemaName="tc_CaseFlow16" displayName="tc_CaseFlow16" solution="Active" />
        <Dependent key="6" type="1" schemaName="tc_caseflow" displayName="Case Flow" />
      </MissingDependency>
      <MissingDependency>
        <Required key="36" type="61" schemaName="tc_CaseFlow32" displayName="tc_CaseFlow32" solution="Active" />
        <Dependent key="6" type="1" schemaName="tc_caseflow" displayName="Case Flow" />
      </MissingDependency>
      <MissingDependency>
        <Required key="37" type="61" schemaName="posms_/Scripts/jquery.min.js" displayName="posms_/Scripts/jquery.min.js" solution="PowerSMS (2.2.4.2016)" />
        <Dependent key="38" type="60" displayName="Compensation" parentDisplayName="Compensation" id="{9d0bc1e4-713f-42e6-a107-9e662730f9e7}" />
      </MissingDependency>
      <MissingDependency>
        <Required key="39" type="61" schemaName="popat_/attachment16.png" displayName="popat_/attachment16.png" solution="PowerAttachment (1.2.2.2013)" />
        <Dependent key="0" type="1" schemaName="popat_powerattachment" displayName="PowerAttachment" />
      </MissingDependency>
      <MissingDependency>
        <Required key="40" type="61" schemaName="popat_/attachment32.png" displayName="popat_/attachment32.png" solution="PowerAttachment (1.2.2.2013)" />
        <Dependent key="0" type="1" schemaName="popat_powerattachment" displayName="PowerAttachment" />
      </MissingDependency>
      <MissingDependency>
        <Required key="41" type="61" schemaName="tc_AccountTypeicon16" displayName="tc_AccountTypeicon16" solution="Active" />
        <Dependent key="42" type="1" schemaName="tc_accounttype" displayName="Account Type" />
      </MissingDependency>
      <MissingDependency>
        <Required key="43" type="61" schemaName="tc_AccountTypeicon32" displayName="tc_AccountTypeicon32" solution="Active" />
        <Dependent key="42" type="1" schemaName="tc_accounttype" displayName="Account Type" />
      </MissingDependency>
      <MissingDependency>
        <Required key="44" type="61" schemaName="tc_surveyresponseicon16" displayName="tc_surveyresponseicon16" solution="Active" />
        <Dependent key="7" type="1" schemaName="tc_surveyresponse" displayName="Survey Response" />
      </MissingDependency>
      <MissingDependency>
        <Required key="45" type="61" schemaName="tc_surveyresponseicon32" displayName="tc_surveyresponseicon32" solution="Active" />
        <Dependent key="7" type="1" schemaName="tc_surveyresponse" displayName="Survey Response" />
      </MissingDependency>
      <MissingDependency>
        <Required key="46" type="61" schemaName="tc_TourOperatorIcon32" displayName="tc_TourOperatorIcon32" solution="Active" />
        <Dependent key="47" type="1" schemaName="tc_touroperator" displayName="Tour Operator" />
      </MissingDependency>
      <MissingDependency>
        <Required key="48" type="61" schemaName="tc_TourOperatorIcon16" displayName="tc_TourOperatorIcon16" solution="Active" />
        <Dependent key="47" type="1" schemaName="tc_touroperator" displayName="Tour Operator" />
      </MissingDependency>
      <MissingDependency>
        <Required key="49" type="61" schemaName="tc_recoveryicon32" displayName="tc_recoveryicon32" solution="Active" />
        <Dependent key="5" type="1" schemaName="tc_recovery" displayName="Recovery" />
      </MissingDependency>
      <MissingDependency>
        <Required key="50" type="61" schemaName="tc_recoveryicon16" displayName="tc_recoveryicon16" solution="Active" />
        <Dependent key="5" type="1" schemaName="tc_recovery" displayName="Recovery" />
      </MissingDependency>
      <MissingDependency>
        <Required key="33" type="61" schemaName="popat_/PowerAttachmentsHTML" displayName="popat_/PowerAttachmentsHTML" solution="PowerAttachment (1.2.2.2013)" />
        <Dependent key="51" type="60" displayName="Email" parentDisplayName="Email" id="{0d1e47ff-12b2-4f53-9090-bee951b98cb4}" />
      </MissingDependency>
    </MissingDependencies>
  </SolutionManifest>
</ImportExportXml>